price_sold,city_sold,state_sold,zip_code,bds,ba,sqft,broker_name,month_sold,year_sold
232600,Jacksonville,fl,32234,3,2.0,1406.0,,10,2107
495000,Jacksonville,fl,32081,3,2.0,1832.0,,11,2021
473500,Jacksonville,fl,32256,4,4.0,2360.0,,11,2021
343000,Jacksonville,fl,32257,3,2.0,1728.0,,11,2021
300000,Jacksonville,fl,32221,4,2.0,1952.0,,11,2021
300000,Jacksonville,fl,32206,4,3.0,2003.0,,11,2021
437987,Jacksonville,fl,32256,3,3.0,2279.0,,11,2021
132500,Jacksonville,fl,32217,3,2.0,1430.0,,11,2021
100000,Jacksonville,fl,32209,3,2.0,1106.0,,11,2021
145000,Miami,fl,33150,0,0.0,5850.0,KELLER WILLIAMS EAGLE REALTY,11,2021
599000,Miami,fl,33131,2,2.0,1120.0,ENVIROTEK REALTY,11,2021
250000,Miami,fl,33156,0,0.0,816.0,MIAMI NEW REALTY,11,2021
700000,Miami,fl,33131,2,2.0,1168.0,"THE WORLD REALTY, INC",11,2021
8750000,Miami,fl,33156,7,8.0,8597.0,MITCHELL INTERNATIONAL RLTY,11,2021
480000,Miami,fl,33144,3,2.0,1612.0,KELLER WILLIAMS REALTY SW,11,2021
610000,Miami,fl,33127,0,0.0,2010.0,THE KEYES COMPANY,11,2021
350000,Miami,fl,33132,2,2.0,1041.0,"EXPRESS REAL ESTATE OF MIAMI, INC",10,2021
450000,Miami,fl,33137,2,2.0,835.0,"MIAMI WAVE REALTY, LLC",10,2021
555000,Tampa,fl,33609,3,2.0,1448.0,SMITH & ASSOCIATES REAL ESTATE,11,2021
1200000,Tampa,fl,33629,2,2.0,1476.0,KELLER WILLIAMS SOUTH TAMPA,11,2021
145000,Tampa,fl,33647,0,0.0,732.0,"MAVEN ESTATES, LLC",11,2021
1880000,Tampa,fl,33634,3,4.0,4176.0,STELLAR NON-MEMBER OFFICE,11,2021
1240000,Tampa,fl,33609,4,3.0,2530.0,SMITH & ASSOCIATES REAL ESTATE,11,2021
430000,Tampa,fl,33647,3,2.0,2159.0,FLORIDA EXECUTIVE REALTY,11,2021
146000,Tampa,fl,33617,2,2.0,879.0,KELLER WILLIAMS SOUTH TAMPA,11,2021
199040,Tampa,fl,33647,3,2.0,1336.0,,10,2021
434800,Tampa,fl,33647,6,4.0,2742.0,STELLAR NON-MEMBER OFFICE,10,2021
340000,Orlando,fl,32828,3,3.0,1846.0,RE/MAX 200 REALTY,11,2021
585000,Orlando,fl,32827,3,2.0,2293.0,MAINFRAME REAL ESTATE,11,2021
435000,Orlando,fl,32832,4,4.0,2476.0,MAINFRAME REAL ESTATE,11,2021
540000,Orlando,fl,32819,4,3.0,2753.0,REAL LIVING R E SOLUTIONS,11,2021
440000,Orlando,fl,32828,4,3.0,2328.0,THE WILKINS WAY LLC,11,2021
435500,Orlando,fl,32817,4,2.0,1940.0,,11,2021
120000,Orlando,fl,32832,0,0.0,0.0,"VENTURE I PROPERTIES, INC.",11,2021
328000,Orlando,fl,32803,3,3.0,1468.0,COLDWELL BANKER REALTY,11,2021
310000,Orlando,fl,32828,3,2.0,1568.0,Z HOUSE REALTY GROUP,11,2021
208000,Hialeah,fl,33012,3,2.0,1309.0,ROBERT SLACK LLC,10,2021
270000,Hialeah,fl,33010,3,2.0,1053.0,FORTUNE INTERNATIONAL REALTY,10,2021
285000,Hialeah,fl,33012,3,2.0,1264.0,ONEPATH REALTY LLC,10,2021
158000,Hialeah,fl,33012,0,0.0,660.0,MIAMI HOME BROKERS REALTY,10,2021
320000,Hialeah,fl,33010,3,3.0,1240.0,"AHMANTERI GROUP, LLC.",10,2021
358500,Hialeah,fl,33018,3,2.0,1285.0,FLORIDA REALTY OF MIAMI CORP,10,2021
435000,Hialeah,fl,33012,3,2.0,1340.0,"ONYX REALTY PROPERTIES, LLC.",10,2021
390000,Hialeah,fl,33010,4,2.0,1587.0,,10,2021
430000,Hialeah,fl,33018,3,3.0,1650.0,REALTY ONE GROUP EVOLUTION,10,2021
250000,Tallahassee,fl,32311,3,2.0,1571.0,XCELLENCE REALTY,11,2021
105000,Tallahassee,fl,32303,2,2.0,984.0,COLDWELL BANKER HARTUNG,11,2021
354980,Tallahassee,fl,32308,3,2.0,1569.0,"THE ZINS COMPANY, LLC",11,2021
112000,Tallahassee,fl,32312,2,1.0,940.0,CAPITAL CITY REAL ESTATE GROUP,11,2021
229000,Tallahassee,fl,32303,3,2.0,1280.0,BEVIS REALTY,11,2021
133500,Tallahassee,fl,32312,0,0.0,0.0,COBB REALTY & INVESTMENT COMPA,11,2021
130000,Tallahassee,fl,32310,3,2.0,1515.0,KELLER WILLIAMS TOWN & COUNTRY,11,2021
340000,Tallahassee,fl,32308,3,2.0,1633.0,"COTTON & COMPANY REAL ESTATE,",11,2021
210000,Tallahassee,fl,32311,3,2.0,1224.0,"KELLY & KELLY PROPERTIES, INC",11,2021
550000,Hollywood,fl,33020,3,2.0,1320.0,"ELITA REALTY, INC.",11,2021
1520000,Hollywood,fl,33019,2,3.0,2308.0,FGI REALTY,11,2021
290000,Hollywood,fl,33019,0,0.0,980.0,LEVCO REAL ESTATE GROUP LLC,10,2021
290000,Hollywood,fl,33019,0,0.0,847.0,"L M G REALTY, INC.",10,2021
280000,Hollywood,fl,33020,3,1.0,1375.0,OPEN TO CLOSE REALTY,10,2021
697000,Hollywood,fl,33021,4,2.0,2134.0,HAMPTON INTERNATIONAL REALTY,10,2021
405000,Hollywood,fl,33020,3,2.0,1298.0,UNITED REALTY GROUP INC,10,2021
518000,Hollywood,fl,33019,2,2.0,1176.0,OCEAN AVE REAL ESTATE LLC,10,2021
450000,Hollywood,fl,33019,3,3.0,1604.0,PROPERTY QUEST,10,2021
340000,Gainesville,fl,32607,3,2.0,2448.0,,11,2021
257000,Gainesville,fl,32607,3,2.0,1404.0,WATSON REALTY-TIOGA,11,2021
235000,Gainesville,fl,32607,3,4.0,1736.0,KELLER WILLIAMS GAINESVILLE REALTY PARTNERS,11,2021
374278,Gainesville,fl,32608,4,2.0,2112.0,RABELL REALTY GROUP LLC,10,2021
135000,Gainesville,fl,32608,3,2.0,1152.0,KELLER WILLIAMS GAINESVILLE REALTY PARTNERS,10,2021
320000,Gainesville,fl,32609,3,2.0,2020.0,BHHS FLORIDA REALTY,10,2021
202500,Gainesville,fl,32605,3,2.0,1522.0,COLDWELL BANKER MM PARRISH,10,2021
162500,Gainesville,fl,32653,2,2.0,960.0,DAWN REALTY,10,2021
658300,Gainesville,fl,32607,4,3.0,2956.0,COLDWELL BANKER MM PARRISH,10,2021
442500,Miramar,fl,33027,3,3.0,1650.0,COLDWELL BANKER REALTY,11,2021
420000,Miramar,fl,33023,3,2.0,1837.0,KELLER WILLIAMS REALTY JUPITER,10,2021
928000,Miramar,fl,33029,5,4.0,3707.0,NEALE REAL ESTATE COMPANY,10,2021
300000,Miramar,fl,33027,2,2.0,1068.0,LONDON FOSTER REALTY,10,2021
442400,Miramar,fl,33023,3,2.0,1552.0,,10,2021
655000,Miramar,fl,33029,4,3.0,2657.0,CACOPHONY GROUP LLC,10,2021
617000,Miramar,fl,33029,4,3.0,2481.0,KELLER WILLIAMS EAGLE REALTY,10,2021
500500,Miramar,fl,33025,3,2.0,1967.0,ABUNDANT HOMES REALTY AND INVESTMENTS LLC,10,2021
395000,Miramar,fl,33023,3,2.0,1611.0,BEACHFRONT REALTY INC,10,2021
659900,Clearwater,fl,33761,4,3.0,2866.0,LOWE AND SONS INC.,11,2021
180000,Clearwater,fl,33765,2,2.0,1056.0,"COAST TO COAST REAL ESTATE,INC",11,2021
76000,Clearwater,fl,33762,0,0.0,0.0,BEYCOME OF FLORIDA LLC,11,2021
87000,Clearwater,fl,33764,2,2.0,932.0,PITTA AND ASSOC INC,11,2021
467000,Clearwater,fl,33763,4,2.0,2748.0,STONEBRIDGE REAL ESTATE CO,11,2021
160000,Clearwater,fl,33763,2,2.0,1400.0,TOM TUCKER REALTY,11,2021
398000,Clearwater,fl,33764,3,3.0,1853.0,RIZZO & ASSOCIATES INC,10,2021
2540000,Clearwater,fl,33767,3,4.0,3966.0,KELLER WILLIAMS REALTY,10,2021
70000,Clearwater,fl,33764,0,0.0,,CHARLES RUTENBERG REALTY INC,10,2021
346500,Brandon,fl,33510,4,2.0,2115.0,54 REALTY LLC,10,2021
351783,Brandon,fl,33511,4,3.0,2332.0,STELLAR NON-MEMBER OFFICE,10,2021
415000,Brandon,fl,33510,4,3.0,2535.0,MARK SPAIN REAL ESTATE,10,2021
540000,Brandon,fl,33510,3,3.0,2384.0,DALTON WADE INC,10,2021
351000,Brandon,fl,33511,4,2.0,2169.0,FUTURE HOME REALTY INC,10,2021
698500,Brandon,fl,33511,5,3.0,3100.0,PEOPLE'S CHOICE REALTY SVC LLC,10,2021
220000,Brandon,fl,33511,3,2.0,1646.0,ALIGN RIGHT REALTY CLEARWATER,10,2021
346000,Brandon,fl,33511,4,3.0,1821.0,SIGNATURE REALTY ASSOCIATES,10,2021
370000,Brandon,fl,33510,3,2.0,1615.0,EXP REALTY LLC,10,2021
183000,Lakeland,fl,33801,3,2.0,1097.0,REMAX PARAMOUNT PROPERTIES,11,2021
615000,Lakeland,fl,33803,0,0.0,2898.0,GATOR REALTY OF POLK,11,2021
335000,Lakeland,fl,33801,3,1.0,1254.0,"SAGE REALTY FLORIDA, INC",11,2021
359900,Lakeland,fl,33811,5,3.0,2696.0,,10,2021
390000,Lakeland,fl,33812,3,2.0,2126.0,"XCELLENCE REALTY, INC",10,2021
387000,Lakeland,fl,33811,5,3.0,2601.0,LOKATION,10,2021
389900,Lakeland,fl,33812,4,2.0,2205.0,KBL REALTY,10,2021
365000,Lakeland,fl,33801,2,1.0,1404.0,REMAX EXPERTS,10,2021
330000,Lakeland,fl,33803,5,4.0,2760.0,PICKARD & PICKARD INC,10,2021
324295,Riverview,fl,33578,4,3.0,1870.0,LENNAR REALTY,11,2021
432100,Riverview,fl,33578,4,3.0,2829.0,,11,2021
255000,Riverview,fl,33578,3,3.0,1400.0,SMYTHE & ASSOCIATES REALTY LLC,11,2021
375720,Riverview,fl,33579,4,3.0,2584.0,LENNAR REALTY,11,2021
235000,Riverview,fl,33579,3,2.0,1206.0,BAY VISTA REALTY & INVESTMENTS,11,2021
246000,Riverview,fl,33578,3,3.0,1400.0,KELLER WILLIAMS REALTY,11,2021
265000,Riverview,fl,33578,3,3.0,1576.0,SIGNATURE REALTY ASSOCIATES,11,2021
440000,Riverview,fl,33579,5,3.0,3616.0,MARK SPAIN REAL ESTATE,11,2021
377500,Riverview,fl,33578,3,2.0,2062.0,KELLER WILLIAMS  SOUTH SHORE,11,2021
1180000,Davie,fl,33325,4,4.0,3422.0,COMPASS ROADS REALTY INC,11,2021
292000,Davie,fl,33324,2,3.0,1205.0,FLATFEE.COM,11,2021
132000,Davie,fl,33324,0,0.0,875.0,PARTNERSHIP REALTY INC.,11,2021
275000,Davie,fl,33324,2,2.0,1276.0,"PRINCETON REALTY SERVICES, INC",11,2021
442600,Davie,fl,33325,3,2.0,2228.0,,10,2021
351000,Davie,fl,33324,3,3.0,1628.0,KELLER WILLIAMS REALTY SW,10,2021
1250000,Davie,fl,33330,4,4.0,4286.0,THE AGENCY REAL ESTATE FIRM LLC,10,2021
3510000,Davie,fl,33330,6,10.0,9048.0,"COMPASS FLORIDA, LLC",10,2021
1290000,Davie,fl,33328,5,4.0,3372.0,RE/MAX POWERPRO REALTY,10,2021
120000,Sunrise,fl,33351,0,0.0,800.0,GONZALEZ PELLA REAL ESTATE GROUP,11,2021
525000,Sunrise,fl,33351,4,2.0,1857.0,KELLER WILLIAMS REALTY  CS,11,2021
107000,Sunrise,fl,33322,2,2.0,850.0,OASIS HOMES REALTY LLC,11,2021
75000,Sunrise,fl,33322,0,0.0,640.0,ACE REALTY & INVESTMENT,11,2021
265036,Sunrise,fl,33322,2,2.0,1000.0,,10,2021
299900,Sunrise,fl,33322,2,2.0,1047.0,KELLER WILLIAMS REALTY NAPLES,10,2021
500000,Sunrise,fl,33326,3,2.0,1804.0,BERKSHIRE HATHAWAY HOMESERVICES FLORIDA REALTY,10,2021
260000,Sunrise,fl,33322,2,2.0,1949.0,PRIORITY ONE REALTY INC,10,2021
375000,Sunrise,fl,33322,3,2.0,1433.0,NEXTUP LUXURY REALTY,10,2021
175325,Deltona,fl,32738,3,2.0,1114.0,RESIHOME LLC,11,2021
215000,Deltona,fl,32725,2,2.0,1324.0,WEICHERT REALTORS HALLMARK PROPERTIES,11,2021
165000,Deltona,fl,32738,2,1.0,896.0,CHARLES RUTENBERG REALTY ORLANDO,10,2021
245000,Deltona,fl,32738,3,2.0,1129.0,MEP REALTY INVESTMENTS LLC,10,2021
203000,Deltona,fl,32725,4,1.0,1239.0,OPENDOOR BROKERAGE LLC,10,2021
155600,Deltona,fl,32725,0,0.0,1011.0,KELLER WILLIAMS ADVANTAGE III,10,2021
134500,Deltona,fl,32725,2,2.0,897.0,FLORIDA REALTY INVESTMENTS,10,2021
499900,Deltona,fl,32738,3,2.0,1600.0,CHARLES RUTENBERG REALTY ORLANDO,10,2021
225000,Deltona,fl,32725,3,2.0,1245.0,HOME WISE REALTY GROUP INC,10,2021
340000,Alafaya,fl,32828,3,3.0,1846.0,RE/MAX 200 REALTY,11,2021
310000,Alafaya,fl,32828,3,2.0,1568.0,Z HOUSE REALTY GROUP,11,2021
440000,Alafaya,fl,32828,4,3.0,2328.0,THE WILKINS WAY LLC,11,2021
289000,Alafaya,fl,32828,3,2.0,1502.0,EXP REALTY LLC,11,2021
350000,Alafaya,fl,32828,3,3.0,1357.0,COLDWELL BANKER REALTY,10,2021
520000,Alafaya,fl,32828,5,3.0,2611.0,THE WILKINS WAY LLC,10,2021
550000,Alafaya,fl,32828,4,4.0,2641.0,KELLER WILLIAMS ADVANTAGE 2 REALTY,10,2021
561000,Alafaya,fl,32828,4,3.0,3050.0,Z HOUSE REALTY GROUP,10,2021
420000,Alafaya,fl,32828,6,4.0,3491.0,REALTY HUB,10,2021
180000,Plantation,fl,33317,2,2.0,1260.0,LOKATION,11,2021
640000,Plantation,fl,33317,4,2.0,2439.0,CHARLES RUTENBERG REALTY FORT LAUDERDALE,11,2021
400000,Plantation,fl,33324,3,3.0,1516.0,HOMECOIN.COM,11,2021
507000,Plantation,fl,33322,3,2.5,2367.0,,10,2021
335000,Plantation,fl,33324,3,3.0,2175.0,SKYE LOUIS REALTY INC,10,2021
245000,Plantation,fl,33324,2,2.0,,BEACHFRONT REALTY INC,10,2021
1180000,Plantation,fl,33324,4,5.0,3386.0,"COMPASS FLORIDA, LLC.",10,2021
275000,Plantation,fl,33324,2,2.0,1271.0,POWELL REALTY OF SOUTH FLORIDA,10,2021
629000,Plantation,fl,33324,4,2.0,2206.0,OYLER & ROBINSON REAL ESTATE P,10,2021
436000,Melbourne,fl,32940,3,2.0,2176.0,,11,2021
199000,Melbourne,fl,32903,0,0.0,9583.0,,11,2021
410000,Melbourne,fl,32940,3,2.0,1264.0,,11,2021
371000,Melbourne,fl,32940,3,2.0,1924.0,,11,2021
290000,Melbourne,fl,32934,3,2.0,1815.0,,11,2021
205000,Melbourne,fl,32901,3,2.0,1575.0,,11,2021
475000,Melbourne,fl,32903,3,2.0,2066.0,,11,2021
850000,Melbourne,fl,32940,5,5.0,3607.0,,11,2021
185000,Melbourne,fl,32901,3,1.0,988.0,,10,2021
227000,Largo,fl,33771,2,2.0,894.0,CHARLES RUTENBERG REALTY INC,11,2021
450000,Largo,fl,33778,3,2.0,1540.0,CAPSTONE REALTY & ASSOCIATES,11,2021
143000,Largo,fl,33764,3,2.0,1152.0,KELLER WILLIAMS REALTY,11,2021
350000,Largo,fl,33771,4,2.0,1602.0,OPENDOOR BROKERAGE LLC,11,2021
540000,Largo,fl,33773,3,2.0,2002.0,REALTY EXCELLENCE ADAMO & ASSO,10,2021
191000,Largo,fl,33773,3,2.0,1155.0,COLDWELL BANKER RESIDENTIAL,10,2021
315000,Largo,fl,33770,3,2.0,1208.0,CHARLES RUTENBERG REALTY INC,10,2021
231000,Largo,fl,33771,3,2.0,1220.0,KELLER WILLIAMS ST PETE REALTY,10,2021
160000,Largo,fl,33771,2,2.0,1048.0,KELLER WILLIAMS SOUTH TAMPA,10,2021
485000,Homestead,fl,33033,5,3.0,2556.0,FLORIDA REALTY OF MIAMI CORP,11,2021
80000,Homestead,fl,33034,3,2.0,1100.0,EQUITABLE COMPANY REALTORS,11,2021
257155,Homestead,fl,33033,3,3.0,1583.0,,10,2021
170000,Homestead,fl,33035,3,2.0,1166.0,JOSLY REALTY,10,2021
340000,Homestead,fl,33035,4,3.0,1952.0,KELLER WILLIAMS REALTY,10,2021
575000,Homestead,fl,33030,3,2.0,1716.0,"MDZ REALTY, LLC.",10,2021
170000,Homestead,fl,33035,3,2.0,1076.0,JOSLY REALTY,10,2021
170000,Homestead,fl,33035,3,2.0,1182.0,JOSLY REALTY,10,2021
170000,Homestead,fl,33035,3,2.0,1076.0,JOSLY REALTY,10,2021
250000,Kendall,fl,33156,0,0.0,816.0,MIAMI NEW REALTY,11,2021
615000,Kendall,fl,33176,3,2.0,1716.0,REAL ESTATE SALES FORCE,10,2021
225000,Kendall,fl,33176,2,1.0,997.0,BHHS EWM REALTY,10,2021
632000,Kendall,fl,33176,4,2.0,2121.0,XCELLENCE REALTY INC,10,2021
379000,Kendall,fl,33176,2,2.0,974.0,MOSS & COMPANY REALTY INC,10,2021
330000,Kendall,fl,33176,3,2.0,1170.0,"LIFESTYLE DREAMS REALTY, INC",10,2021
720000,Kendall,fl,33176,3,2.0,,FORTUNE INTERNATIONAL REALTY,10,2021
890000,Kendall,fl,33176,5,3.0,2973.0,LUXE PROPERTIES,10,2021
723000,Kendall,fl,33176,3,2.0,1484.0,BHHS EWM REALTY,10,2021
241000,Kissimmee,fl,34744,3,2.0,1113.0,1ST CLASS REAL -T- TREATMENT,11,2021
315000,Kissimmee,fl,34758,3,2.0,1607.0,SHORESTONE PROPERTY GROUP,11,2021
225000,Kissimmee,fl,34741,4,3.0,1470.0,"LA ROSA REALTY, LLC",11,2021
329343,Kissimmee,fl,34758,3,2.0,2116.0,,10,2021
340000,Kissimmee,fl,34744,4,2.0,1784.0,LA ROSA REALTY THE ELITE LLC,10,2021
350000,Kissimmee,fl,34744,5,4.0,2875.0,GODWIN REALTY GROUP,10,2021
532500,Kissimmee,fl,34744,4,3.0,3260.0,HOME WISE REALTY GROUP INC,10,2021
280000,Kissimmee,fl,34744,3,2.0,1682.0,KELLER WILLIAMS ADVANTAGE III,10,2021
175000,Kissimmee,fl,34746,3,2.0,1220.0,UNITED REALTY GROUP INC,10,2021
395000,Atlanta,ga,30318,3,4.0,1716.0,,10,2021
291929,Atlanta,ga,30312,0,0.0,1044.0,,10,2021
448659,Atlanta,ga,30310,5,3.0,2219.0,,10,2021
379396,Atlanta,ga,30331,4,4.0,2558.0,,10,2021
370000,Atlanta,ga,30310,4,2.0,1717.0,"MLS ID #6942135, BERKSHIRE HATHAWAY HOMESERVICES GEORGIA PROPERTIES",10,2021
440000,Atlanta,ga,30305,2,2.0,1371.0,"MLS ID #6896773, CENTURY 21 RESULTS",10,2021
441000,Atlanta,ga,30311,5,3.0,1925.0,"MLS ID #6951226, EXP REALTY, LLC.",10,2021
202100,Atlanta,ga,30311,3,2.5,1742.0,,10,2021
193000,Atlanta,ga,30318,3,1.0,1152.0,"MLS ID #6895017, EXP REALTY, LLC.",10,2021
152000,Columbus,ga,31904,3,2.0,1334.0,"COLDWELL BANKER / KENNON, PARKER, DUNCAN & DAVIS",11,2021
175000,Columbus,ga,31909,3,2.0,1400.0,KELLER WILLIAMS REALTY RIVER CITIES,11,2021
129000,Columbus,ga,31904,3,2.0,2115.0,KELLER WILLIAMS REALTY RIVER CITIES,11,2021
154000,Columbus,ga,31904,2,2.0,1379.0,"COLDWELL BANKER / KENNON, PARKER, DUNCAN & DAVIS",11,2021
349900,Columbus,ga,31901,4,3.0,2665.0,"COLDWELL BANKER / KENNON, PARKER, DUNCAN & DAVIS",11,2021
129900,Columbus,ga,31909,3,2.0,1248.0,"COLDWELL BANKER / KENNON, PARKER, DUNCAN & DAVIS",11,2021
131000,Columbus,ga,31904,3,2.0,1214.0,"COLDWELL BANKER / KENNON, PARKER, DUNCAN & DAVIS",10,2021
550000,Columbus,ga,31904,5,4.0,5006.0,"COLDWELL BANKER / KENNON, PARKER, DUNCAN & DAVIS",10,2021
153000,Columbus,ga,31904,3,2.0,1452.0,"COLDWELL BANKER / KENNON, PARKER, DUNCAN & DAVIS",10,2021
395595,Savannah,ga,31410,3,2.0,1891.0,ERA SOUTHEAST COASTAL,11,2021
699900,Savannah,ga,31405,5,4.0,4243.0,SOUTHBRIDGE REALTY,11,2021
188000,Savannah,ga,31410,2,2.0,1116.0,REALTY ONE GROUP INCLUSION,11,2021
310000,Savannah,ga,31405,2,2.0,1276.0,"KELLER WILLIAMS REALTY COASTAL AREA PARTNERS,LLC",11,2021
123000,Savannah,ga,31401,3,1.0,851.0,"KELLER WILLIAMS REALTY COASTAL AREA PARTNERS,LLC",11,2021
309501,Savannah,ga,31407,5,5.0,3578.0,MUNGO HOMES REALTY LLC,10,2021
186000,Savannah,ga,31419,3,2.0,1428.0,WEICHERT REALTORS STANFORD & COMPANY,10,2021
229000,Savannah,ga,31419,3,3.0,1779.0,"KELLER WILLIAMS REALTY COASTAL AREA PARTNERS,LLC",10,2021
330945,Savannah,ga,31419,3,4.0,2373.0,"LANDMARK 24 REALTY, INC",10,2021
2180000,Roswell,ga,30075,6,8.0,9756.0,"MLS ID #6943506, HARRY NORMAN REALTORS",10,2021
475000,Roswell,ga,30075,4,3.0,2347.0,"MLS ID #6947562, ATLANTA COMMUNITIES",10,2021
410010,Roswell,ga,30075,2,2.5,2066.0,,10,2021
530000,Roswell,ga,30075,5,5.0,3782.0,"MLS ID #6950238, KELLER WILLIAMS RLTY CONSULTANTS",10,2021
484000,Roswell,ga,30076,4,3.0,2484.0,"MLS ID #6926308, ZILLOW HOMES, INC.",10,2021
729900,Roswell,ga,30075,4,5.0,5382.0,"MLS ID #6951113, EXP REALTY, LLC.",10,2021
425000,Roswell,ga,30075,3,2.0,1717.0,"MLS ID #6950079, KELLER WILLIAMS REALTY PARTNERS",10,2021
302500,Roswell,ga,30076,4,4.0,1872.0,"MLS ID #6937261, ALL ATLANTA PROPERTIES",10,2021
805000,Roswell,ga,30075,5,5.0,5936.0,"MLS ID #6946090, BERKSHIRE HATHAWAY HOMESERVICES GEORGIA PROPERTIES",10,2021
245000,Albany,ga,31701,3,2.0,1878.0,,10,2021
200000,Albany,ga,31701,8,4.0,4432.0,,10,2021
89900,Albany,ga,31707,2,2.0,1192.0,,10,2021
250000,Albany,ga,31707,4,3.0,2525.0,,10,2021
339900,Albany,ga,31707,4,3.0,2166.0,,10,2021
390000,Albany,ga,31721,4,4.0,3300.0,,10,2021
33100,Albany,ga,31705,3,1.0,792.0,,10,2021
189900,Albany,ga,31721,3,2.0,1778.0,,10,2021
229900,Albany,ga,31721,3,2.0,1992.0,,10,2021
464897,Marietta,ga,30062,5,4.0,3440.0,,11,2021
655000,Marietta,ga,30064,5,4.0,5263.0,"MLS ID #6937999, ATLANTA COMMUNITIES",10,2021
473000,Marietta,ga,30064,4,3.0,2260.0,"MLS ID #6954525, ANSLEY  REAL ESTATE",10,2021
469900,Marietta,ga,30339,2,2.0,1388.0,"MLS ID #6909391, ATLANTA COMMUNITIES",10,2021
460000,Marietta,ga,30066,5,4.0,2450.0,"MLS ID #6951600, KELLER WILLIAMS RLTY, FIRST ATLANTA",10,2021
245000,Marietta,ga,30008,3,2.0,1520.0,"MLS ID #6950201, APPEAL PROPERTY GROUP",10,2021
225000,Marietta,ga,30339,0,0.0,1051.0,"MLS ID #6918883, BERKSHIRE HATHAWAY HOMESERVICES GEORGIA PROPERTIES",10,2021
275000,Marietta,ga,30060,3,2.0,,"MLS ID #6948818, EXP REALTY, LLC.",10,2021
350000,Marietta,ga,30068,2,4.0,1573.0,"MLS ID #6955550, DORSEY ALSTON REALTORS",10,2021
645000,Smyrna,ga,30082,6,5.0,4689.0,"MLS ID #6954411, ADVANCE EQUITY GROUP, INC.",10,2021
310000,Smyrna,ga,30080,3,1.0,964.0,"MLS ID #6949694, ATLANTA COMMUNITIES",10,2021
862500,Smyrna,ga,30080,4,5.0,5024.0,"MLS ID #6948034, ATLANTA FINE HOMES SOTHEBY'S INTERNATIONAL",10,2021
685000,Smyrna,ga,30080,6,5.0,4477.0,"MLS ID #6945794, ANSLEY REAL ESTATE",10,2021
400000,Smyrna,ga,30082,4,3.0,2325.0,"MLS ID #6938543, LOCAL REALTY GA, LLC",10,2021
410000,Smyrna,ga,30082,3,3.0,2262.0,"MLS ID #6942140, KELLER WILLIAMS RLTY, FIRST ATLANTA",10,2021
461935,Smyrna,ga,30080,3,4.0,1984.0,"MLS ID #6902084, BEAZER REALTY CORP.",10,2021
330000,Smyrna,ga,30082,4,2.0,1803.0,"MLS ID #6947751, FATHOM REALTY GA, LLC.",10,2021
360000,Smyrna,ga,30080,4,4.0,1890.0,"MLS ID #6955119, HARRY NORMAN REALTORS",10,2021
410000,Valdosta,ga,31602,4,4.0,3252.0,,11,2021
150000,Valdosta,ga,31601,2,2.0,1252.0,,10,2021
27500,Valdosta,ga,31601,4,2.0,2211.0,,10,2021
285000,Valdosta,ga,31605,4,2.0,1964.0,,10,2021
110000,Valdosta,ga,31602,3,2.0,1288.0,,10,2021
170000,Valdosta,ga,31602,0,2.0,2016.0,,10,2021
75000,Valdosta,ga,31601,3,2.0,1190.0,,10,2021
200000,Valdosta,ga,31602,3,2.0,1454.0,,10,2021
126000,Valdosta,ga,31602,3,2.0,1314.0,,10,2021
585000,Brookhaven,ga,30319,3,4.0,2142.0,"MLS ID #6941632, KELLER WILLIAMS REALTY PEACHTREE RD.",10,2021
1400000,Brookhaven,ga,30341,5,4.0,3730.0,"MLS ID #6951305, KELLER WILLIAMS BUCKHEAD",10,2021
274900,Brookhaven,ga,30346,0,0.0,991.0,"MLS ID #6935529, RE/MAX AROUND ATLANTA REALTY",10,2021
707000,Brookhaven,ga,30319,5,3.0,2617.0,"MLS ID #6948071, KELLER WILLIAMS RLTY, FIRST ATLANTA",10,2021
420000,Brookhaven,ga,30341,3,4.0,2160.0,"MLS ID #6954358, REDFIN CORPORATION",10,2021
877000,Brookhaven,ga,30319,4,4.0,3448.0,"MLS ID #6948728, BERKSHIRE HATHAWAY HOMESERVICES GEORGIA PROPERTIES",10,2021
1120000,Brookhaven,ga,30319,5,5.0,4549.0,"MLS ID #6896527, ATLANTA FINE HOMES SOTHEBY'S INTERNATIONAL",10,2021
505000,Brookhaven,ga,30319,3,2.0,1406.0,"MLS ID #6945154, KELLER WILLIAMS REALTY PEACHTREE RD.",10,2021
710000,Brookhaven,ga,30319,3,2.0,,"MLS ID #6948665, KELLER WILLIAMS BUCKHEAD",10,2021
316808,Dunwoody,ga,30360,3,2.5,1550.0,,10,2021
850000,Dunwoody,ga,30338,5,4.0,3903.0,"MLS ID #6954575, KELLER WILLIAMS REALTY ATLANTA PARTNERS",10,2021
528000,Dunwoody,ga,30338,4,4.0,2383.0,"MLS ID #6951044, CENTURY 21 RESULTS",10,2021
525000,Dunwoody,ga,30338,4,3.0,2778.0,"MLS ID #6945457, COLDWELL BANKER REALTY",10,2021
459000,Dunwoody,ga,30360,3,2.0,1745.0,"MLS ID #6943400, BERKSHIRE HATHAWAY HOMESERVICES GEORGIA PROPERTIES",10,2021
727000,Dunwoody,ga,30338,5,5.0,2775.0,"MLS ID #6946880, COLDWELL BANKER REALTY",10,2021
350000,Dunwoody,ga,30338,2,2.0,1455.0,"MLS ID #6923005, OFFERPAD BROKERAGE, LLC.",10,2021
661000,Dunwoody,ga,30338,4,3.0,2586.0,"MLS ID #6947738, ATLANTA COMMUNITIES",10,2021
424500,Dunwoody,ga,30360,4,3.0,2062.0,"MLS ID #6925857, KELLER WILLIAMS REALTY METRO ATL",10,2021
317544,Newnan,ga,30265,3,2.0,1659.0,,10,2021
425000,Newnan,ga,30263,4,4.0,5000.0,,10,2021
635000,Newnan,ga,30265,6,5.0,4207.0,"MLS ID #6929951, BERKSHIRE HATHAWAY HOMESERVICES GEORGIA PROPERTIES",10,2021
246000,Newnan,ga,30265,3,3.0,1746.0,,10,2021
210000,Newnan,ga,30263,3,2.0,1291.0,"MLS ID #6891646, PEACHTREE REALTY ADVISORS, LTD",10,2021
365000,Newnan,ga,30263,4,3.0,2332.0,"MLS ID #6927586, CENTURY 21 NOVUS REALTY",10,2021
322885,Newnan,ga,30265,4,3.0,2170.0,,10,2021
312411,Newnan,ga,30263,3,3.0,2134.0,,10,2021
254364,Newnan,ga,30265,2,2.0,1370.0,,10,2021
253900,Gainesville,ga,30507,3,2.0,1215.0,,10,2021
262250,Gainesville,ga,30501,3,2.0,2288.0,"MLS ID #6942611, COLDWELL BANKER REALTY",10,2021
1120000,Gainesville,ga,30507,4,5.0,7983.0,"MLS ID #6884612, BERKSHIRE HATHAWAY HOMESERVICES GEORGIA PROPERTIES",10,2021
320000,Gainesville,ga,30506,3,2.0,1712.0,"MLS ID #6942152, ANCHOR REAL ESTATE ADVISORS, LLC",10,2021
389000,Gainesville,ga,30506,0,0.0,,"MLS ID #6609607, THE NORTON AGENCY",10,2021
285000,Gainesville,ga,30504,4,3.0,,RE/MAX TOWNE SQUARE,10,2021
505000,Gainesville,ga,30506,6,4.0,4000.0,"MLS ID #6949783, KELLER WILLIAMS REALTY COMMUNITY PARTNERS",10,2021
520000,Gainesville,ga,30506,5,4.0,2770.0,"MLS ID #6950056, PURDY REAL ESTATE",10,2021
679000,Gainesville,ga,30501,4,4.0,3488.0,"MLS ID #6948149, KELLER WILLIAMS LANIER PARTNERS",10,2021
1080000,Milton,ga,30004,5,5.0,3206.0,"MLS ID #6936349, BERKSHIRE HATHAWAY HOMESERVICES GEORGIA PROPERTIES",10,2021
705924,Milton,ga,30009,4,4.0,2379.0,"MLS ID #6906880, TAYLOR MORRISON REALTY OF GEORGIA, INC.",10,2021
1310000,Milton,ga,30004,6,7.0,8587.0,"MLS ID #6938471, ATLANTA FINE HOMES SOTHEBY'S INTERNATIONAL",10,2021
600000,Milton,ga,30004,5,4.0,3199.0,"MLS ID #6948070, KELLER WILLIAMS REALTY ATLANTA PARTNERS",10,2021
345000,Milton,ga,30004,2,3.0,1278.0,"MLS ID #6946574, DORSEY ALSTON REALTORS",10,2021
1100000,Milton,ga,30004,6,6.0,5400.0,"MLS ID #6917405, BERKSHIRE HATHAWAY HOMESERVICES GEORGIA PROPERTIES",10,2021
2000000,Milton,ga,30004,8,6.0,9539.0,"MLS ID #6873836, KELLER WILLIAMS NORTH ATLANTA",10,2021
1230000,Milton,ga,30004,6,8.0,9920.0,"MLS ID #6940007, BERKSHIRE HATHAWAY HOMESERVICES GEORGIA PROPERTIES",10,2021
5100000,Milton,ga,30004,0,0.0,0.0,"MLS ID #6884110, KELLER WILLIAMS NORTH ATLANTA",10,2021
245100,Mableton,ga,30126,3,2.0,1400.0,,10,2021
371100,Mableton,ga,30126,4,4.0,2168.0,"MLS ID #6914664, OPENDOOR BROKERAGE, LLC",10,2021
418000,Mableton,ga,30126,4,4.0,3134.0,"MLS ID #6942330, BERKSHIRE HATHAWAY HOMESERVICES GEORGIA PROPERTIES",10,2021
210000,Mableton,ga,30126,3,3.0,1796.0,"MLS ID #6935073, BHGRE METRO BROKERS",10,2021
381500,Mableton,ga,30126,2,4.0,2172.0,"MLS ID #6948854, KELLER WILLIAMS REALTY ATLANTA PARTNERS",10,2021
194900,Mableton,ga,30126,3,2.0,1075.0,"MLS ID #6931928, MAXIMUM ONE GREATER ATLANTA REALTORS",10,2021
220000,Mableton,ga,30126,3,1.0,1663.0,"MLS ID #6928245, PALMERHOUSE PROPERTIES",10,2021
480000,Mableton,ga,30126,4,3.0,2600.0,"MLS ID #6949404, KELLER WILLIAMS REALTY CITYSIDE",10,2021
452084,Mableton,ga,30126,4,3.0,2600.0,,10,2021
120000,Rome,ga,30173,3,1.0,,"MLS ID #6940408, ELITE GROUP GEORGIA, LLC.",10,2021
321500,Rome,ga,30161,4,3.0,3215.0,,10,2021
1060000,Rome,ga,30165,3,3.0,2648.0,"MLS ID #6865554, HARRY NORMAN REALTORS",10,2021
310000,Rome,ga,30165,4,4.0,1755.0,"MLS ID #6946194, SIGN YOUR DEED REALTY",10,2021
192700,Rome,ga,30165,3,3.0,1606.0,"MLS ID #6942831, WJH, LLC.",10,2021
215000,Rome,ga,30165,3,2.0,1694.0,"MLS ID #6944597, ELITE GROUP GEORGIA, LLC.",10,2021
203000,Rome,ga,30165,4,3.0,,"MLS ID #6934056, ELITE GROUP GEORGIA, LLC.",10,2021
220000,Rome,ga,30165,3,2.0,,"MLS ID #6947962, HARDY REALTY AND DEVELOPMENT COMPANY",10,2021
277360,Rome,ga,30165,3,3.0,2404.0,"MLS ID #6895863, SDC REALTY, LLC.",10,2021
235000,Tucker,ga,30084,3,1.0,1128.0,"MLS ID #6943640, BHGRE METRO BROKERS",10,2021
435000,Tucker,ga,30084,4,3.0,2246.0,"MLS ID #6909119, OFFERPAD BROKERAGE, LLC.",10,2021
420000,Tucker,ga,30084,5,4.0,2763.0,"MLS ID #6868093, OPENDOOR BROKERAGE, LLC",10,2021
250000,Tucker,ga,30084,3,2.0,1658.0,"MLS ID #6917749, POINT HONORS AND ASSOCIATES, REALTORS",10,2021
410000,Tucker,ga,30087,4,3.0,2736.0,"MLS ID #6926911, PALMERHOUSE PROPERTIES",10,2021
315000,Tucker,ga,30084,3,2.0,1601.0,"MLS ID #6928160, OPENDOOR BROKERAGE, LLC",10,2021
325000,Tucker,ga,30084,3,2.0,1860.0,"MLS ID #6952834, THE NORTON AGENCY",10,2021
457000,Tucker,ga,30084,4,4.0,2695.0,"MLS ID #6947678, CRYE-LEIKE SOUTH",10,2021
549900,Tucker,ga,30084,4,4.0,2309.0,,10,2021
400000,Woodstock,ga,30188,4,3.0,2230.0,"MLS ID #6947668, KELLER WILLIAMS RLTY, FIRST ATLANTA",10,2021
367000,Woodstock,ga,30189,3,2.0,1535.0,"MLS ID #6929874, KELLER WILLIAMS REALTY PARTNERS",10,2021
430000,Woodstock,ga,30188,3,3.0,2678.0,"MLS ID #6950863, KELLER WILLIAMS REALTY PARTNERS",10,2021
358000,Woodstock,ga,30189,4,3.0,1929.0,"MLS ID #6948406, ZILLOW HOMES, INC.",10,2021
320000,Woodstock,ga,30188,3,2.0,1432.0,"MLS ID #6945613, VANDERHOFF REAL ESTATE, INC.",10,2021
437720,Woodstock,ga,30188,4,4.0,2038.0,"MLS ID #6902837, MERITAGE HOMES OF GEORGIA REALTY, LLC",10,2021
450000,Woodstock,ga,30188,4,4.0,2247.0,"MLS ID #6878881, MERITAGE HOMES OF GEORGIA REALTY, LLC",10,2021
315000,Woodstock,ga,30189,3,2.0,1842.0,"MLS ID #6948671, ORCHARD BROKERAGE LLC",10,2021
1080000,Woodstock,ga,30115,0,0.0,,"MLS ID #6928021, EXP REALTY, LLC.",10,2021
45000,Hinesville,ga,31313,2,1.0,863.0,"RAWLS REALTY, INC.",11,2021
249900,Hinesville,ga,31313,4,3.0,2612.0,"RAWLS REALTY, INC.",10,2021
122500,Hinesville,ga,31313,3,2.0,1104.0,"HOLTZMAN ELITE PROPERTIES,LLC",10,2021
179998,Hinesville,ga,31313,4,2.0,2375.0,REMAX ALL AMERICAN REALTY,10,2021
245000,Hinesville,ga,31313,4,3.0,2448.0,"EXP REALTY, LLC",10,2021
260000,Hinesville,ga,31313,4,3.0,2560.0,"EXP REALTY, LLC",10,2021
269995,Hinesville,ga,31313,4,3.0,2438.0,RTS REALTY,10,2021
370630,Hinesville,ga,31313,5,3.0,3799.0,RTS REALTY,10,2021
60000,Hinesville,ga,31313,2,2.0,985.0,"HOLTZMAN ELITE PROPERTIES,LLC",10,2021
301820,Douglasville,ga,30135,3,3.0,2028.0,"MLS ID #6875398, SIBLEY REALTY AND ASSOCIATES, LLC.",10,2021
365000,Douglasville,ga,30135,5,4.0,2580.0,"MLS ID #6947596, KELLER WILLIAMS REALTY PEACHTREE RD.",10,2021
254365,Douglasville,ga,30135,3,2.0,1862.0,,10,2021
355000,Douglasville,ga,30135,4,3.0,2516.0,"MLS ID #6949690, WILLIAMS & CO INTERNATIONAL REALTY, LLC",10,2021
300000,Douglasville,ga,30134,4,2.0,2484.0,"MLS ID #6934633, COMPASS",10,2021
328500,Douglasville,ga,30135,3,2.0,1569.0,,10,2021
340000,Douglasville,ga,30135,4,3.0,2244.0,"MLS ID #6946472, THE REALTY GROUP",10,2021
175000,Douglasville,ga,30135,0,0.0,0.0,"MLS ID #6950700, RE/MAX UNLIMITED",10,2021
296400,Douglasville,ga,30135,3,2.0,1843.0,,10,2021
265000,Evans,ga,30809,3,3.0,1980.0,MEYBOHM REAL ESTATE -EVANS,11,2021
379900,Evans,ga,30809,5,3.0,2842.0,MEYBOHM REAL ESTATE -EVANS,11,2021
500000,Evans,ga,30809,5,5.0,3845.0,"SOUTHEASTERN RESIDENTIAL, LLC",10,2021
479900,Evans,ga,30809,4,4.0,3100.0,"SOUTHEASTERN RESIDENTIAL, LLC",10,2021
306000,Evans,ga,30809,4,3.0,2200.0,MEYBOHM REAL ESTATE -EVANS,10,2021
284000,Evans,ga,30809,4,3.0,2261.0,ELAN REALTORS,10,2021
423390,Evans,ga,30809,3,4.0,2543.0,"SOUTHEASTERN RESIDENTIAL, LLC",10,2021
285000,Evans,ga,30809,4,2.0,2267.0,BLANCHARD & CALHOUN-EVANS,10,2021
475000,Evans,ga,30809,5,5.0,4524.0,MEYBOHM REAL ESTATE -EVANS,10,2021
210000,Martinez,ga,30907,3,2.0,1699.0,MEYBOHM REAL ESTATE -EVANS,11,2021
210000,Martinez,ga,30907,3,2.0,1335.0,"MARKET HOUSE REALTY, LLC",10,2021
250000,Martinez,ga,30907,3,3.0,1680.0,BLANCHARD & CALHOUN-EVANS,10,2021
385000,Martinez,ga,30907,5,4.0,3950.0,MEYBOHM REAL ESTATE - SUCCESS CENTER,10,2021
238400,Martinez,ga,30907,3,3.0,1614.0,MEYBOHM REAL ESTATE -EVANS,10,2021
155000,Martinez,ga,30907,3,2.0,1568.0,SUMMER HOUSE REALTY,10,2021
197000,Martinez,ga,30907,3,2.0,1634.0,VANDERMORGAN REALTY,10,2021
195000,Martinez,ga,30907,3,2.0,1764.0,BLANCHARD & CALHOUN-EVANS,10,2021
250000,Martinez,ga,30907,4,3.0,1824.0,,10,2021
197000,Dalton,ga,30720,3,2.0,1389.0,,11,2021
265000,Dalton,ga,30721,3,2.0,1584.0,,11,2021
149900,Dalton,ga,30720,2,1.0,1032.0,,10,2021
200000,Dalton,ga,30720,3,2.0,2428.0,,10,2021
177500,Dalton,ga,30721,3,1.0,1056.0,,10,2021
243000,Dalton,ga,30720,3,2.0,2022.0,,10,2021
232000,Dalton,ga,30721,3,2.0,1645.0,,10,2021
275000,Dalton,ga,30721,0,2.5,1660.0,,10,2021
133500,Dalton,ga,30721,2,1.0,920.0,"MLS ID #6945106, ASHER REALTY",10,2021
340000,Huntsville,al,35803,4,3.0,3084.0,,11,2021
424900,Huntsville,al,35803,4,3.0,2574.0,Hunter Olive,10,2021
166900,Huntsville,al,35805,3,2.0,1324.0,Bob Brooks,10,2021
125000,Huntsville,al,35811,4,2.0,1450.0,,10,2021
289000,Huntsville,al,35806,3,3.0,1943.0,Janel Kohlhoff,10,2021
109000,Huntsville,al,35810,3,2.0,1506.0,Cliff Glansen,10,2021
255888,Huntsville,al,35803,4,3.0,2281.0,Teri Kerby,10,2021
481700,Huntsville,al,35803,4,4.0,4086.0,Hunter Olive,10,2021
392386,Huntsville,al,35811,4,4.0,3235.0,Gail H Blankenship,10,2021
325000,Birmingham,al,35210,3,2.0,1680.0,REALTYSOUTH-OVER THE MTN,11,2021
191500,Birmingham,al,35215,4,2.0,2052.0,DREAMTREE REALTY,10,2021
342900,Birmingham,al,35203,0,0.0,1046.0,"INGRAM & ASSOCIATES, LLC",10,2021
38000,Birmingham,al,35205,2,1.0,754.0,REALTYSOUTH-OVER THE MTN,10,2021
395000,Birmingham,al,35213,3,3.0,1840.0,REALTYSOUTH-MB-CAHABA RD,10,2021
38000,Birmingham,al,35205,2,1.0,754.0,REALTYSOUTH-OVER THE MTN,10,2021
114000,Birmingham,al,35208,3,1.0,1360.0,A.G. CALLINS & ASSOCIATES,10,2021
86333,Birmingham,al,35206,3,2.0,1434.0,KELLER WILLIAMS REALTY VESTAVIA,10,2021
230000,Birmingham,al,35210,2,2.0,1219.0,ARC REALTY - HOMEWOOD,10,2021
220000,Montgomery,al,36117,3,2.0,1724.0,,11,2021
219900,Montgomery,al,36106,3,2.0,2002.0,,10,2021
100000,Montgomery,al,36116,0,0.0,2656.0,,10,2021
317000,Montgomery,al,36116,3,3.0,2350.0,,10,2021
93250,Montgomery,al,36109,0,1.0,2296.0,,10,2021
240000,Montgomery,al,36117,3,1.0,1811.0,,10,2021
175000,Montgomery,al,36109,3,3.0,2170.0,,10,2021
215000,Montgomery,al,36117,4,2.0,1762.0,,10,2021
336000,Montgomery,al,36117,4,2.5,2618.0,,10,2021
242500,Mobile,al,36695,3,2.0,1698.0,"BELLATOR REAL ESTATE & DEV. MOBILE, Jeremy Knight",11,2021
235000,Mobile,al,36693,3,2.0,1842.0,"ROBERTS BROTHERS TREC, Michael Subirats",10,2021
415000,Mobile,al,36693,3,3.0,3121.0,"BELLATOR REAL ESTATE & DEV. MOBILE, Mia Burmeister",10,2021
320000,Mobile,al,36695,4,2.5,3042.0,,10,2021
169000,Mobile,al,36608,3,2.0,1611.0,"BELLATOR REAL ESTATE & DEV. MOBILE, Jared Giddens",10,2021
155000,Mobile,al,36693,4,2.0,2776.0,"RE/MAX REALTY PROFESSIONALS EA, Phu Vuong",10,2021
80000,Mobile,al,36604,2,2.0,1014.0,,10,2021
269900,Mobile,al,36695,4,2.0,2039.0,"BELLATOR REAL ESTATE & DEV. MOBILE, Samuel Page",10,2021
119000,Mobile,al,36605,3,2.0,1700.0,"GULF COAST EXPERTS REALTY GRP, Dodson Real Estate Group",10,2021
183000,Tuscaloosa,al,35405,3,2.0,1376.0,HAMNER REAL ESTATE,10,2021
71730,Tuscaloosa,al,35404,3,1.0,828.0,KELLER WILLIAMS REALTY TUSCALOOSA,10,2021
182000,Tuscaloosa,al,35401,3,3.0,1250.0,KELLER WILLIAMS REALTY TUSCALOOSA,10,2021
199900,Tuscaloosa,al,35405,3,3.0,2035.0,KELLER WILLIAMS REALTY TUSCALOOSA,10,2021
339900,Tuscaloosa,al,35404,4,3.0,3859.0,RE/MAX PREMIERE GROUP,10,2021
120000,Tuscaloosa,al,35405,3,3.0,1355.0,RE101,10,2021
222000,Tuscaloosa,al,35405,3,2.0,1671.0,EXIT CAPSTONE REALTY,10,2021
228750,Tuscaloosa,al,35405,3,2.0,2005.0,WARRIOR REAL ESTATE,10,2021
174000,Tuscaloosa,al,35401,0,0.0,642.0,H. A. EDWARDS INC.,10,2021
435000,Hoover,al,35216,4,4.0,2568.0,OFFERPAD,11,2021
1100000,Hoover,al,35226,4,5.0,7020.0,ARC REALTY,11,2021
277500,Hoover,al,35242,3,3.0,1944.0,RE/MAX SOUTHERN HOMES,11,2021
285000,Hoover,al,35226,3,2.0,1764.0,KELLER WILLIAMS METRO SOUTH,11,2021
665111,Hoover,al,35244,4,3.0,3233.0,SB DEV CORP,10,2021
886093,Hoover,al,35244,4,5.0,3965.0,SB DEV CORP,10,2021
969905,Hoover,al,35244,6,7.0,5171.0,SB DEV CORP,10,2021
389000,Hoover,al,35244,4,4.0,2896.0,ARC REALTY,10,2021
334900,Hoover,al,35244,4,4.0,2224.0,OFFERPAD,10,2021
239000,Auburn,al,36830,4,2.0,1734.0,RE/MAX AROUND THE LAKE,12,2021
374900,Auburn,al,36832,4,3.0,2886.0,THE PRIME REAL ESTATE GROUP,11,2021
630000,Auburn,al,36830,4,4.0,3435.0,EXP REALTY - AUBURN OPELIKA,11,2021
323500,Auburn,al,36830,3,3.0,1849.0,EXP REALTY - SOUTHERN BRANCH,10,2021
300000,Auburn,al,36830,0,0.0,0.0,TOLAND REALTY,10,2021
157000,Auburn,al,36832,2,2.0,913.0,EXP REALTY - ACUFF WEEKLEY GROUP,10,2021
399000,Auburn,al,36830,4,4.0,2645.0,CHAMPION REALTY & INVESTMENT,10,2021
318500,Auburn,al,36830,4,3.0,2058.0,"PRESTIGE PROPERTIES, INC.",10,2021
221500,Auburn,al,36830,3,2.0,1553.0,HOMELINK REALTY,10,2021
360000,Dothan,al,36305,4,3.5,3837.0,,10,2021
330000,Dothan,al,36303,0,2.0,2997.0,,10,2021
389000,Dothan,al,36303,0,1.5,2512.0,,10,2021
89500,Dothan,al,36301,3,2.0,1485.0,,10,2021
460000,Dothan,al,36305,4,4.0,3472.0,,10,2021
461500,Dothan,al,36301,4,4.0,3344.0,,10,2021
65000,Dothan,al,36301,0,0.0,1160.0,,10,2021
250000,Dothan,al,36303,0,2.5,2367.0,,10,2021
238900,Dothan,al,36301,4,2.0,2134.0,,10,2021
119700,Decatur,al,35601,2,1.0,1108.0,Emily Thomas,10,2021
260000,Decatur,al,35603,3,2.0,2206.0,Morgan D Jones,10,2021
171500,Decatur,al,35603,3,2.0,1650.0,Shawn D Garth,10,2021
325000,Decatur,al,35603,3,3.0,2331.0,Marvin M Julich,10,2021
310000,Decatur,al,35601,4,3.0,2468.0,Whitney F Clemons,10,2021
295000,Decatur,al,35603,4,3.0,2300.0,Shawn D Garth,10,2021
132500,Decatur,al,35601,2,2.0,1439.0,Trayce Kelley,10,2021
242000,Decatur,al,35603,3,3.0,1860.0,Blake Wright,10,2021
146895,Decatur,al,35603,3,3.0,1617.0,Teresa Pearce,10,2021
295000,Madison,al,35758,3,3.0,2262.0,Winnifer C Mcgee,11,2021
253000,Madison,al,35758,3,3.0,2041.0,Lori Vadasy,10,2021
273270,Madison,al,35756,3,2.0,1850.0,Kim Leach,10,2021
273270,Madison,al,35756,3,2.0,1850.0,Kim Leach,10,2021
246000,Madison,al,35758,3,2.0,1682.0,Regina Corbitt,10,2021
509900,Madison,al,35757,4,4.0,3276.0,Morgan Palumbo,10,2021
457180,Madison,al,35758,5,3.0,3190.0,Debra H Mears,10,2021
430000,Madison,al,35758,5,3.0,3073.0,Audra Lockwood,10,2021
535000,Madison,al,35756,4,3.0,3338.0,Amy A Vaughan,10,2021
201400,Florence,al,35634,3,3.0,1620.0,,10,2021
127500,Florence,al,35630,0,1.0,1330.0,,10,2021
225000,Florence,al,35630,4,3.0,2933.0,,10,2021
177500,Florence,al,35633,3,2.0,1581.0,,10,2021
167000,Florence,al,35633,0,1.0,1506.0,,10,2021
80000,Florence,al,35633,3,1.5,1246.0,,10,2021
135000,Florence,al,35630,3,3.0,1557.0,,10,2021
810000,Florence,al,35630,0,0.0,,,10,2021
194500,Florence,al,35633,0,1.0,1691.0,,10,2021
272100,Prattville,al,36066,3,2.0,2000.0,,10,2021
275000,Prattville,al,36066,0,2.0,2236.0,,10,2021
170000,Prattville,al,36066,3,2.0,1514.0,,10,2021
306000,Prattville,al,36067,3,2.0,1780.0,REALTYSOUTH-OTM-ACTON RD,10,2021
199000,Prattville,al,36067,4,2.0,1700.0,,10,2021
399900,Prattville,al,36067,0,4.0,3676.0,,10,2021
220000,Prattville,al,36066,3,2.0,1684.0,,10,2021
460000,Prattville,al,36067,4,3.5,3447.0,,10,2021
274900,Prattville,al,36066,4,2.0,2191.0,,10,2021
33000,Gadsden,al,35904,2,2.0,1340.0,Mark Thrift,10,2021
75000,Gadsden,al,35901,3,2.0,1320.0,Susie Weems,10,2021
89900,Gadsden,al,35903,3,4.0,3130.0,RE/MAX WIRED,10,2021
285000,Gadsden,al,35904,4,3.0,3766.0,Betty Greer,10,2021
32500,Gadsden,al,35901,2,1.0,988.0,Tokrica S Mack,10,2021
199000,Gadsden,al,35906,3,2.0,1729.0,Anna Tillman Inzer,10,2021
149900,Gadsden,al,35901,4,3.0,2432.0,ARC REALTY,10,2021
85000,Gadsden,al,35901,3,1.0,1400.0,Frank Minogue,10,2021
102000,Gadsden,al,35903,4,2.0,2100.0,Glen Williams,10,2021
424900,Alabaster,al,35114,5,4.0,2595.0,"EXP REALTY, LLC CENTRAL",10,2021
118500,Alabaster,al,35007,0,0.0,,"EXP REALTY, LLC CENTRAL",10,2021
365000,Alabaster,al,35007,4,3.0,2880.0,KELLER WILLIAMS HOMEWOOD,10,2021
225000,Alabaster,al,35007,4,4.0,2400.0,,10,2021
212100,Alabaster,al,35114,3,2.0,1250.0,"EXP REALTY, LLC CENTRAL",10,2021
190000,Alabaster,al,35007,3,2.0,2395.0,SEMAAN REALTY,10,2021
268000,Alabaster,al,35007,4,3.0,2084.0,"EXP REALTY, LLC CENTRAL",10,2021
195000,Alabaster,al,35007,3,2.0,1413.0,KELLER WILLIAMS REALTY VESTAVIA,10,2021
170000,Alabaster,al,35007,3,2.0,1413.0,,10,2021
307000,Northport,al,35473,4,2.0,1950.0,PRITCHETT MOORE REAL ESTATE,11,2021
165000,Northport,al,35473,4,2.0,1514.0,HAMNER REAL ESTATE,11,2021
355000,Northport,al,35475,4,3.0,2374.0,KELLER WILLIAMS REALTY TUSCALOOSA,10,2021
225000,Northport,al,35473,4,4.0,2292.0,1ST CLASS REAL ESTATE CAPSTONE,10,2021
200000,Northport,al,35473,3,2.0,2113.0,HAMNER REAL ESTATE,10,2021
299900,Northport,al,35475,3,2.0,1891.0,ADVANTAGE REALTY,10,2021
401900,Northport,al,35475,4,3.0,2260.0,CORDER REAL ESTATE,10,2021
149900,Northport,al,35475,0,0.0,0.0,"BLUE CREEK REALTY GROUP, LLC",10,2021
267000,Northport,al,35475,0,0.0,0.0,RE/MAX PREMIERE GROUP,10,2021
210000,Opelika,al,36801,4,2.0,2906.0,EXP REALTY - SOUTHERN BRANCH,11,2021
41000,Opelika,al,36801,0,0.0,0.0,FULLER REALTY AT LAKE MARTIN INC,10,2021
244200,Opelika,al,36804,4,3.0,2677.0,EXP REALTY - AUBURN OPELIKA,10,2021
179000,Opelika,al,36801,4,2.0,1507.0,FINCHER-COFFIN REAL ESTATE LLC,10,2021
299900,Opelika,al,36801,4,2.0,1978.0,KELLER WILLIAMS REALTY RIVER CITIES III,10,2021
272077,Opelika,al,36801,3,2.0,1923.0,AT HOME WITH PRESTIGE PROPERTIES,10,2021
237900,Opelika,al,36804,4,3.0,2443.0,EXP REALTY - AUBURN OPELIKA,10,2021
225000,Opelika,al,36801,3,2.0,1660.0,PORTER PROPERTIES,10,2021
135900,Opelika,al,36804,3,2.0,1204.0,5TH FLOOR REALTY GROUP,10,2021
180000,Enterprise,al,36330,3,2.0,1428.0,,10,2021
100000,Enterprise,al,36330,2,3.0,1380.0,,10,2021
135000,Enterprise,al,36330,0,2.0,1788.0,,10,2021
91000,Enterprise,al,36330,2,2.5,1069.0,,10,2021
162000,Enterprise,al,36330,0,0.0,,,10,2021
96500,Enterprise,al,36330,2,3.0,1380.0,,10,2021
275000,Enterprise,al,36330,0,1.5,2032.0,,10,2021
235000,Enterprise,al,36330,4,2.0,1883.0,,10,2021
100000,Enterprise,al,36330,2,3.0,1380.0,,10,2021
449950,Daphne,al,36526,4,3.0,2638.0,"BELLATOR RE & DEV-EASTERN SHOR, Lillian Travis",10,2021
400000,Daphne,al,36526,4,4.0,3275.0,"COLDWELL BANKER RESIDENTIAL RE, Alysa Riddle",10,2021
273690,Daphne,al,36526,3,2.0,1641.0,"DHI REALTY OF ALABAMA, LLC, Adam Jones",10,2021
369900,Daphne,al,36526,4,3.0,2475.0,"ELITE REAL ESTATE SOLUTIONS, LLC, Gisele Moraes",10,2021
399300,Daphne,al,36526,4,4.0,2785.0,"DHI REALTY OF ALABAMA, LLC, Rene Richardson",10,2021
219000,Daphne,al,36526,3,2.0,1640.0,"RE/MAX BY THE BAY - DAPHNE, Barbara Rogers",10,2021
475000,Daphne,al,36526,4,3.0,3457.0,"KELLER WILLIAMS AGC REALTY-DA, Shonna Nance",10,2021
222500,Daphne,al,36526,4,3.0,2305.0,"EXP REALTY SOUTHERN BRANCH, Donnie Clark",10,2021
235150,Daphne,al,36526,4,2.0,1848.0,"LOCAL PROPERTY INC., Raven Miller",10,2021
460000,Homewood,al,35209,3,2.0,1544.0,ARC REALTY - HOMEWOOD,10,2021
1050000,Homewood,al,35209,4,5.0,4400.0,REALTYSOUTH-MB-CRESTLINE,10,2021
495000,Homewood,al,35209,3,2.0,1927.0,REALTYSOUTH-MB-CRESTLINE,10,2021
320000,Homewood,al,35226,4,3.0,2807.0,REALTYSOUTH-MB-CAHABA RD,10,2021
350000,Homewood,al,35209,2,3.0,1503.0,"EXP REALTY, LLC CENTRAL",10,2021
117500,Homewood,al,35216,2,2.0,1066.0,REALTYSOUTH-OTM-ACTON RD,10,2021
510000,Homewood,al,35216,3,4.0,1842.0,LAH - HOMEWOOD,10,2021
605000,Homewood,al,35209,3,3.0,1826.0,LAH - HOMEWOOD,10,2021
483000,Homewood,al,35226,4,5.0,3991.0,"TCG REAL ESTATE, INC.",10,2021
187000,Trussville,al,35173,3,2.0,1400.0,REALTYSOUTH-TRUSSVILLE OFFICE,10,2021
535000,Trussville,al,35173,4,5.0,3415.0,LAH - HOMEWOOD,10,2021
499966,Trussville,al,35173,4,3.0,3105.0,SB DEV CORP,10,2021
395689,Trussville,al,35173,4,3.0,2530.0,SB DEV CORP,10,2021
295000,Trussville,al,35173,3,2.0,1694.0,RE/MAX SOUTHERN HOMES,10,2021
272000,Trussville,al,35173,3,2.0,1782.0,"MAIN STREET REALTY, LLC",10,2021
450500,Trussville,al,35173,5,4.0,3636.0,KELLER WILLIAMS REALTY TRUSSVILLE,10,2021
394539,Trussville,al,35173,4,3.0,2867.0,REALTYSOUTH-HUNTSVILLE-BHM,10,2021
289795,Trussville,al,35173,3,3.0,2171.0,RE/MAX SOUTHERN HOMES,10,2021
123000,Bessemer,al,35022,4,2.0,1200.0,JPAR COAST AND COUNTY,11,2021
554500,Bessemer,al,35022,5,4.0,4440.0,RE/MAX FIRST CHOICE,10,2021
100000,Bessemer,al,35020,3,2.0,2005.0,ERA KING - BIRMINGHAM,10,2021
310000,Bessemer,al,35020,5,3.0,2212.0,AVAST REALTY- BIRMINGHAM,10,2021
185000,Bessemer,al,35020,3,2.0,1889.0,"BHAM REALTY, LLC",10,2021
70000,Bessemer,al,35020,2,1.0,936.0,"EXP REALTY, LLC CENTRAL",10,2021
127500,Bessemer,al,35022,3,2.0,1536.0,REALTYSOUTH-I459 SOUTHWEST,10,2021
65000,Bessemer,al,35020,4,2.0,1500.0,REALTYSOUTH-I459 SOUTHWEST,10,2021
332000,Bessemer,al,35244,3,3.0,2976.0,KELLER WILLIAMS REALTY HOOVER,10,2021
1200000,Athens,al,35613,4,4.0,6521.0,Tiffany B Pack,10,2021
187500,Athens,al,35613,3,2.0,1403.0,Elizabeth Thomas,10,2021
330000,Athens,al,35613,3,3.0,2562.0,Ronnie Harris,10,2021
625000,Athens,al,35613,4,5.0,4096.0,Tiffany B Pack,10,2021
230000,Athens,al,35613,2,2.0,1880.0,Donna Mccown,10,2021
180000,Athens,al,35611,2,3.0,1754.0,Felicia Mcgee,10,2021
405000,Athens,al,35613,4,3.0,3130.0,Amanda M Tibbetts,10,2021
376900,Athens,al,35613,4,3.0,2285.0,Gray Winn,10,2021
257000,Athens,al,35613,3,2.0,1697.0,Holly Moore,10,2021
136000,Pelham,al,35124,3,3.0,1486.0,ERA KING REAL ESTATE HOOVER,10,2021
87500,Pelham,al,35124,3,3.0,1558.0,RUDULPH REAL ESTATE,10,2021
545000,Pelham,al,35124,4,5.0,5252.0,KELLER WILLIAMS REALTY VESTAVIA,10,2021
300000,Pelham,al,35124,3,3.0,1766.0,KELLER WILLIAMS REALTY VESTAVIA,10,2021
247500,Pelham,al,35124,3,2.0,1856.0,,10,2021
87500,Pelham,al,35124,3,3.0,1534.0,RUDULPH REAL ESTATE,10,2021
270000,Pelham,al,35124,3,2.0,1955.0,REALTYSOUTH-HOMEWOOD,10,2021
202700,Pelham,al,35124,3,3.0,1545.0,REALTYSOUTH-OTM-ACTON RD,10,2021
266000,Pelham,al,35124,3,2.0,2140.0,"DOUBLE OAK REALTY, LLC",10,2021
400000,Charleston,sc,29407,2,1.0,856.0,,11,2021
2500000,Charleston,sc,29492,4,5.0,4559.0,,11,2021
750000,Charleston,sc,29412,3,2.0,1845.0,,11,2021
1700000,Charleston,sc,29492,5,6.0,3860.0,,11,2021
780000,Charleston,sc,29492,4,4.0,2885.0,,11,2021
90000,Charleston,sc,29455,0,0.0,,,11,2021
525000,Charleston,sc,29407,3,2.0,2192.0,,11,2021
360000,Charleston,sc,29455,3,3.0,2098.0,,11,2021
294900,Charleston,sc,29407,2,1.0,1033.0,,11,2021
170000,Columbia,sc,29204,2,1.0,850.0,,11,2021
277000,Columbia,sc,29212,3,3.0,1993.0,,11,2021
193000,Columbia,sc,29209,3,2.0,1845.0,,10,2021
205000,Columbia,sc,29209,3,2.0,1547.0,,10,2021
230500,Columbia,sc,29223,4,2.0,2340.0,,10,2021
379900,Columbia,sc,29212,3,5.0,2812.0,,10,2021
220000,Columbia,sc,29229,3,2.0,1912.0,,10,2021
110000,Columbia,sc,29229,3,2.5,1276.0,,10,2021
156500,Columbia,sc,29229,3,2.0,1342.0,,10,2021
255000,Greenville,sc,29605,3,2.0,1500.0,"COLDWELL BANKER CAINE/WILLIAMS, Thomas Cheves",11,2021
735000,Greenville,sc,29609,3,2.0,2523.0,"ARN CENEDELLA REAL ESTATE, Ana Evans",11,2021
525000,Greenville,sc,29609,3,2.0,1459.0,"COLDWELL BANKER CAINE/WILLIAMS, Jacob Mann",11,2021
315000,Greenville,sc,29607,4,2.0,1562.0,"NEST REALTY GREENVILLE LLC, Michelle Warden",11,2021
309500,Greenville,sc,29673,4,3.0,2031.0,"D.R. HORTON, Reid Wafrock",11,2021
380000,Greenville,sc,29609,2,2.0,1425.0,"FATHOM REALTY - WOODRUFF RD., Greg Stewart",11,2021
109000,Greenville,sc,29609,3,1.0,948.0,"SHAW REALTY, John Shaw",11,2021
270000,Greenville,sc,29609,2,2.0,1770.0,"BHHS C DAN JOYNER - PELHAM, Helen Sarratt",11,2021
365000,Greenville,sc,29615,4,3.0,2400.0,"ISAVE REALTY, Randal Longo",10,2021
303000,Sumter,sc,29154,4,3.0,3709.0,,10,2021
165000,Sumter,sc,29154,3,2.0,1417.0,,10,2021
369000,Sumter,sc,29150,4,3.0,2735.0,,10,2021
215000,Sumter,sc,29150,4,2.0,2126.0,,10,2021
215000,Sumter,sc,29150,4,2.0,2069.0,,10,2021
369000,Sumter,sc,29150,3,2.5,2693.0,,10,2021
193200,Sumter,sc,29154,3,2.0,1610.0,,10,2021
383000,Sumter,sc,29150,4,4.0,3147.0,,10,2021
291500,Sumter,sc,29150,4,3.0,2314.0,,10,2021
132000,Florence,sc,29505,2,2.0,1076.0,"SENTRY RESIDENTIAL, LLC",10,2021
135900,Florence,sc,29505,3,2.5,1450.0,,10,2021
265000,Florence,sc,29501,4,3.0,2070.0,,10,2021
274000,Florence,sc,29501,4,2.0,1820.0,,10,2021
700000,Florence,sc,29501,6,3.0,4937.0,,10,2021
60000,Florence,sc,29501,3,2.0,1498.0,,10,2021
340000,Florence,sc,29501,4,3.0,2241.0,,10,2021
635000,Florence,sc,29501,4,4.0,4984.0,,10,2021
140000,Florence,sc,29505,3,2.0,1651.0,,10,2021
600000,Spartanburg,sc,29302,0,0.0,0.0,"A.S. BOBO REAL ESTATE, Steven Bobo",10,2021
215990,Spartanburg,sc,29307,3,3.0,1600.0,WJH LLC,10,2021
187000,Spartanburg,sc,29306,3,3.0,1465.0,"LAURA SIMMONS & ASSOCIATES RE, Marty Hanahan",10,2021
203000,Spartanburg,sc,29301,3,3.0,1594.0,PONCE REALTY GROUP -1,10,2021
209777,Spartanburg,sc,29302,3,2.0,1582.0,AGENT PROS REALTY,10,2021
137000,Spartanburg,sc,29302,2,3.0,1120.0,KELLER WILLIAMS REALTY-1,10,2021
200000,Spartanburg,sc,29301,3,2.0,1300.0,KELLER WILLIAMS REALTY-1,10,2021
116000,Spartanburg,sc,29307,2,2.0,1258.0,KELLER WILLIAMS REALTY-1,10,2021
171000,Spartanburg,sc,29302,3,2.0,1248.0,PONCE REALTY GROUP -2,10,2021
169000,Greer,sc,29650,2,2.0,1100.0,"NORTH GROUP REAL ESTATE, Jack Sparkman",11,2021
200000,Greer,sc,29650,4,3.0,1856.0,AGENT PROS REALTY,10,2021
310000,Greer,sc,29650,3,2.0,1751.0,"KELLER WILLIAMS DRIVE, Justin Boyd",10,2021
403819,Greer,sc,29651,4,3.0,2894.0,"LENNAR CAROLINAS LLC, Leeann Wong",10,2021
675000,Greer,sc,29651,4,4.0,3573.0,"COLDWELL BANKER CAINE/WILLIAMS, Lee Anne Van Heule",10,2021
292000,Greer,sc,29651,3,3.0,1772.0,"BLUEFIELD REALTY GROUP, Alexandria Dougherty",10,2021
330000,Greer,sc,29651,4,3.0,2429.0,"COLDWELL BANKER CAINE/WILLIAMS, Kimberly Roberts",10,2021
435000,Greer,sc,29650,4,3.0,3699.0,"REALTY ONE GROUP FREEDOM, Eldris Jana",10,2021
229900,Greer,sc,29651,3,3.0,1610.0,"ACCESS REALTY, LLC, Heather Kennedy",10,2021
276500,Aiken,sc,29803,5,3.0,2620.0,MEYBOHM REAL ESTATE -EVANS,7,2102
1030000,Aiken,sc,29805,4,5.0,2565.0,KELLER WILLIAMS AIKEN PARTNERS,11,2021
258000,Aiken,sc,29801,4,3.0,2272.0,RE/MAX TATTERSALL GROUP,11,2021
1160000,Aiken,sc,29803,3,3.0,2565.0,EXP REALTY LLC - COLUMBIA,11,2021
396000,Aiken,sc,29803,3,3.0,2559.0,MEYBOHM REAL ESTATE,11,2021
289000,Aiken,sc,29803,3,3.0,1814.0,COLDWELL BANKER REALTY,10,2021
1900000,Aiken,sc,29803,6,5.0,3750.0,MEYBOHM REAL ESTATE,10,2021
225000,Aiken,sc,29801,2,2.0,1901.0,MCKINNEY REALTY,10,2021
335000,Aiken,sc,29803,2,2.0,1754.0,MEYBOHM REAL ESTATE,10,2021
135000,Anderson,sc,29621,2,1.0,910.0,"CAROLINA PROPERTIES, Trish Bowland",11,2021
56000,Anderson,sc,29624,2,1.0,1311.0,"BHHS C DAN JOYNER - ANDERSON, The Cleverpeople",10,2021
215000,Anderson,sc,29626,3,2.0,1500.0,"COLDWELL BANKER EXCLUSIVE RLTY, Trent Smith",10,2021
55000,Anderson,sc,29625,0,0.0,0.0,"KELLER WILLIAMS GRV UPST, Julia Marquez Lezcano",10,2021
222000,Anderson,sc,29621,3,2.0,,"BHHS C DAN JOYNER - ANDERSON, At Home Associates",10,2021
175200,Anderson,sc,29621,3,3.0,,"WESTERN UPSTATE KW, Rita Garner",10,2021
100000,Anderson,sc,29621,0,0.0,,"BHHS C DAN JOYNER - ANDERSON, At Home Associates",10,2021
215000,Anderson,sc,29625,0,0.0,0.0,"LAKE HARTWELL PROPERTIES, David Williams",10,2021
660000,Anderson,sc,29621,4,4.0,,"WESTERN UPSTATE KW, Melody Bell & Associates",10,2021
395000,Bluffton,sc,29915,3,3.0,1890.0,,11,2021
1400000,Bluffton,sc,29910,3,4.0,2448.0,,11,2021
4400000,Bluffton,sc,29910,6,7.0,5184.0,,11,2021
435000,Bluffton,sc,29909,4,3.0,2523.0,,11,2021
520000,Bluffton,sc,29910,3,4.0,2833.0,,11,2021
467490,Bluffton,sc,29910,0,0.0,,,10,2021
1440000,Bluffton,sc,29910,4,5.0,2897.0,,10,2021
183000,Bluffton,sc,29909,2,3.0,1056.0,,10,2021
885819,Bluffton,sc,29910,2,3.0,2448.0,,10,2021
275000,Conway,sc,29526,6,3.0,3528.0,CAROLINA PINES REALTY,11,2021
223500,Conway,sc,29527,3,2.0,1766.0,COASTAL LUXURY PROPERTIES,11,2021
270000,Conway,sc,29527,2,2.0,2076.0,SHORELINE REALTY-CONWAY,10,2021
352304,Conway,sc,29526,3,2.0,2543.0,THE LITCHFIELD CO RE-NEW HOMES,10,2021
85000,Conway,sc,29526,3,2.0,1201.0,AGENT GROUP REALTY,10,2021
250000,Conway,sc,29527,3,2.0,1798.0,SHORELINE REALTY-CONWAY,10,2021
245000,Conway,sc,29527,3,2.0,1901.0,KELLER WILLIAMS TREMBLEY GROUP,10,2021
205000,Conway,sc,29526,3,2.0,1137.0,EXP REALTY LLC,10,2021
167890,Conway,sc,29526,3,2.0,1497.0,WELCOME HOME REALTY - MB,10,2021
365000,Maulten,sc,29662,3,3.0,2007.0,"CAROLINA MOVES, LLC, Debbie Hearn",10,2021
285000,Maulten,sc,29662,3,2.0,1538.0,"ALLEN TATE CO. - GREENVILLE, Julie Howe",10,2021
294900,Maulten,sc,29662,4,2.0,2850.0,"AGENT GROUP REALTY, Richard Robinson",10,2021
239500,Maulten,sc,29662,3,3.0,1816.0,"EXP REALTY LLC, Crystal Weise",10,2021
298750,Maulten,sc,29662,4,3.0,2313.0,"BHHS C DAN JOYNER - SIMP, Brian Welborn",10,2021
290000,Maulten,sc,29662,3,3.0,1966.0,"BHHS C DAN JOYNER - N. PLEAS, Lapaula Lanier",10,2021
255000,Maulten,sc,29662,3,2.0,1921.0,"LA ROSA REALTY LLC, Jennifer Alynn-Perri",10,2021
423320,Maulten,sc,29662,3,3.0,2446.0,"PIVOTAL REAL ESTATE, Cindy Bowman",10,2021
189000,Maulten,sc,29662,2,2.0,1317.0,"WILSON ASSOCIATES, Ashley Steigerwald",10,2021
545000,Lexington,sc,29072,4,3.0,2950.0,,11,2021
225500,Lexington,sc,29072,3,3.0,1871.0,,10,2021
225500,Lexington,sc,29072,3,2.5,1889.0,,10,2021
246000,Lexington,sc,29072,4,2.5,2200.0,,10,2021
285000,Lexington,sc,29072,3,2.0,2375.0,,10,2021
400000,Lexington,sc,29072,0,0.0,0.0,,10,2021
243000,Lexington,sc,29072,3,2.5,1950.0,,10,2021
260000,Lexington,sc,29072,3,2.0,1886.0,,10,2021
492000,Lexington,sc,29072,6,5.0,4222.0,,10,2021
30000,Simpsonville,sc,29681,0,0.0,0.0,"RE/MAX MOVES SIMPSONVILLE, Micha Kelley",11,2021
334000,Simpsonville,sc,29681,4,3.0,2986.0,"WONDRACEK REALTY GROUP, LLC, Marcus Wondracek",10,2021
430000,Simpsonville,sc,29681,4,3.0,2835.0,"COLDWELL BANKER CAINE/WILLIAMS, Robert Brown",10,2021
360000,Simpsonville,sc,29681,4,3.0,2401.0,KELLER WILLIAMS REALTY-1,10,2021
355000,Simpsonville,sc,29681,3,2.0,1706.0,"TOLL BROTHERS REAL ESTATE, INC, Jeremy Logan",10,2021
839900,Simpsonville,sc,29681,4,3.0,3605.0,"BHHS C DAN JOYNER - PELHAM, Jenny Mccord",10,2021
255000,Simpsonville,sc,29681,3,2.0,1608.0,"EXP REALTY, LLC",10,2021
400000,Simpsonville,sc,29680,4,3.0,2798.0,"MTH SC REALTY, LLC, Josh Riley",10,2021
380000,Simpsonville,sc,29681,4,3.0,3251.0,"RE/MAX REACH, Jeremy Russell",10,2021
405000,Taylors,sc,29687,3,3.0,,"KELLER WILLIAMS DRIVE, Katie Campbell",11,2021
260000,Taylors,sc,29687,4,3.0,1388.0,"COLDWELL BANKER CAINE/WILLIAMS, Karla Alvarez",11,2021
290000,Taylors,sc,29687,6,4.0,3131.0,"TURNER REAL ESTATE COMPANY, Alice Batson",11,2021
557250,Taylors,sc,29687,3,2.0,2459.0,"LAURA SIMMONS & ASSOCIATES RE, Laura Simmons",11,2021
215000,Taylors,sc,29687,3,2.0,1198.0,"REALTY ONE GROUP FREEDOM, Britt Brandt",10,2021
262000,Taylors,sc,29687,3,2.0,1395.0,"PROFOUND REAL ESTATE, Philip Farmer",10,2021
390000,Taylors,sc,29687,3,3.0,2167.0,"BHHS C DAN JOYNER - N. PLEAS, Lisa Fidler",10,2021
369140,Taylors,sc,29687,3,2.0,2108.0,"MCGEE REALTY GROUP, Shannon Cone",10,2021
118000,Taylors,sc,29687,2,2.0,1000.0,"PARAGON PROPERTIES, Keith Garrett",10,2021
429500,Easley,sc,29640,4,3.0,2318.0,"BRAND NAME REAL ESTATE UPSTATE, Brian Wessel",11,2021
414443,Easley,sc,29640,4,3.0,2434.0,"MUNGO HOMES PROPERTIES, LLC, Deanna Phillips",10,2021
325000,Easley,sc,29640,3,4.0,2306.0,"RE/MAX RESULTS EASLEY, Linda Ballard",10,2021
316000,Easley,sc,29642,3,3.0,2431.0,"BRAND NAME REAL ESTATE UPSTATE, Ashley Davis",10,2021
245000,Easley,sc,29642,3,2.0,,"RE/MAX RESULTS EASLEY, Linda Ballard",10,2021
117000,Easley,sc,29640,2,2.0,1008.0,"SUN BELT REALTY, Deirdra Harmon",10,2021
218000,Easley,sc,29640,4,3.0,1661.0,"GREAT HOMES OF THE UPSTATE, Abrianna Hill",10,2021
195000,Easley,sc,29640,0,0.0,0.0,"CLARDY REAL ESTATE, Nichole Krieger",10,2021
95000,Easley,sc,29640,0,0.0,0.0,"ALLEN TATE - EASLEY/POWD, Melissa Hall",10,2021
190000,Greenwood,sc,29649,3,2.0,,,10,2021
145000,Greenwood,sc,29649,0,0.0,0.0,,10,2021
365000,Greenwood,sc,29646,3,4.0,3500.0,"COLDWELL BANKER CAINE/WILLIAMS, Tracy James",10,2021
160000,Greenwood,sc,29646,3,2.0,1782.0,,10,2021
142300,Greenwood,sc,29649,3,2.0,1773.0,"CAROLINA MOON REALTY LLC, Rick Ward",10,2021
287500,Greenwood,sc,29649,4,6.0,4801.0,,10,2021
170000,Greenwood,sc,29649,2,2.0,2200.0,,10,2021
160000,Greenwood,sc,29649,3,1.0,1108.0,,10,2021
135000,Greenwood,sc,29653,3,2.0,1206.0,,10,2021
315000,Socastee,sc,29577,4,3.0,2351.0,"CORDER PROPERTIES, INC.",10,2021
244000,Socastee,sc,29588,3,2.0,2060.0,REALTY ONE GROUP DOCKSIDE,10,2021
164000,Socastee,sc,29588,3,2.0,1200.0,FATHOM REALTY SC LLC,10,2021
214000,Socastee,sc,29588,3,2.0,2194.0,REALTY ONE GROUP DOCKSIDESOUTH,10,2021
235000,Socastee,sc,29588,3,2.0,2100.0,CENTURY 21 STOPPER &ASSOCIATES,10,2021
217000,Socastee,sc,29588,3,2.0,1475.0,REALTY ONE GROUP DOCKSIDESOUTH,10,2021
360000,Socastee,sc,29588,5,3.0,2501.0,ROWE VENTURES,10,2021
685000,Socastee,sc,29588,3,3.0,4554.0,RE/MAX SOUTHERN SHORES GC,10,2021
175000,Socastee,sc,29588,2,2.0,1120.0,SHORELINE REALTY,10,2021
367000,Hanahan,sc,29410,4,3.0,2120.0,,10,2021
405000,Hanahan,sc,29410,4,3.0,2700.0,,10,2021
235000,Hanahan,sc,29410,2,1.0,779.0,,10,2021
419900,Hanahan,sc,29410,5,4.0,3160.0,,10,2021
355000,Hanahan,sc,29410,4,2.0,1851.0,,10,2021
470000,Hanahan,sc,29410,3,3.0,2890.0,,10,2021
275000,Hanahan,sc,29410,3,2.0,1350.0,,10,2021
865000,Hanahan,sc,29410,4,6.0,4030.0,,10,2021
116000,Hanahan,sc,29410,2,1.0,800.0,,10,2021
635000,Clemson,sc,29631,4,4.0,,"MONAGHAN COMPANY REAL ESTATE, Bond Mathews",10,2021
445000,Clemson,sc,29631,4,4.0,2686.0,"COLDWELL BANKER EXCLUSIVE RLTY, Trent Smith",10,2021
140000,Clemson,sc,29631,4,2.0,,"FOCUS REALTY - ERIC NEWTON, Jessica Summey Williams",10,2021
140000,Clemson,sc,29631,2,1.0,,"EXP REALTY LLC, Tim Rountree",10,2021
80000,Clemson,sc,29631,2,1.0,884.0,,10,2021
395000,Clemson,sc,29631,3,3.0,2208.0,"IMPACT REALTY GROUP, Patricia Kennedy",10,2021
525000,Clemson,sc,29631,5,4.0,,"LAKE LIFE REALTY, Jeff Merritt",10,2021
130000,Clemson,sc,29631,0,0.0,0.0,"MONAGHAN COMPANY REAL ESTATE, Bond Mathews",10,2021
299900,Clemson,sc,29631,3,3.0,1842.0,"MONAGHAN COMPANY REAL ESTATE, Sean Kelley",10,2021
222500,Berea,sc,29617,3,3.0,1476.0,"RE/MAX REALTY PROFESSIONALS, Justin Mccormick",10,2021
160000,Berea,sc,29617,3,2.0,1250.0,"VERNON COMPANY, Sandy Smith",10,2021
232000,Berea,sc,29617,4,2.0,1900.0,"COLDWELL BANKER CAINE/WILLIAMS, Kim Eades",10,2021
165000,Berea,sc,29617,2,1.0,1083.0,"JEFF COOK REAL ESTATE LLC, Jeff Cook",10,2021
215500,Berea,sc,29617,3,2.0,1366.0,"OFFERPAD BROKERAGE, LLC, Rob Jones",10,2021
380000,Berea,sc,29617,4,4.0,3315.0,"KELLER WILLIAMS GRV UPST, Anna Morton",10,2021
235000,Berea,sc,29617,2,2.0,1174.0,"LAURA SIMMONS & ASSOCIATES RE, Marty Hanahan",10,2021
351000,Berea,sc,29611,3,3.0,3501.0,"KELLER WILLIAMS GRV UPST, Joyce Valalik",10,2021
267200,Berea,sc,29617,3,3.0,1908.0,"MCALISTER REALTY, Stan Mcalister",10,2021
322500,Ladson,sc,29456,5,3.0,2303.0,,10,2021
130170,Ladson,sc,29456,2,2.0,943.0,,10,2021
322000,Ladson,sc,29456,3,3.0,1664.0,,10,2021
162900,Ladson,sc,29456,2,2.0,1084.0,,10,2021
203000,Ladson,sc,29456,3,1.0,1327.0,,10,2021
345000,Ladson,sc,29456,4,3.0,2321.0,,10,2021
325000,Ladson,sc,29456,4,3.0,2312.0,,10,2021
310000,Ladson,sc,29456,4,2.0,1918.0,,10,2021
283000,Ladson,sc,29456,3,2.0,1511.0,,10,2021
278000,Gantt,sc,29605,3,2.0,1359.0,"VAN WEST ENTERPRISES, LLC, Kirk Westervelt",10,2021
700000,Gantt,sc,29605,4,3.0,3435.0,"WILSON ASSOCIATES, Anne Carter Macnabb",10,2021
20900,Gantt,sc,29605,0,0.0,9583.0,"CAROLINA REALTY ASSOC. UPSTATE, Shom Kostyra",10,2021
165000,Gantt,sc,29673,3,3.0,1257.0,"WILSONHOUSE REALTY, Chrystal Wilson",10,2021
189900,Gantt,sc,29673,3,2.0,1500.0,"GRIFFITH REAL ESTATE ADVISORS, Chuck Griffith",10,2021
367750,Gantt,sc,29605,3,2.0,1604.0,"WILSON ASSOCIATES, Blair Miller",10,2021
248500,Gantt,sc,29605,3,2.0,2000.0,"JEFF COOK REAL ESTATE LLC, Jeff Cook",10,2021
1490000,Gantt,sc,29605,4,4.0,4926.0,"WILSON ASSOCIATES, Katherine Hall",10,2021
275000,Gantt,sc,29605,5,3.0,2800.0,"BRAND NAME REAL ESTATE UPSTATE, Marsha Wright",10,2021
176000,Cayce,sc,29033,3,2.0,1240.0,,10,2021
399000,Cayce,sc,29033,3,3.0,1900.0,,10,2021
147500,Cayce,sc,29033,3,2.0,1152.0,,10,2021
330000,Cayce,sc,29033,3,2.0,2000.0,,10,2021
233000,Cayce,sc,29033,3,2.0,1680.0,,10,2021
310000,Cayce,sc,29033,4,3.0,3652.0,,10,2021
185000,Cayce,sc,29033,3,2.0,1820.0,,10,2021
146500,Cayce,sc,29033,3,1.0,1320.0,,10,2021
70000,Cayce,sc,29033,2,2.0,1060.0,,10,2021
160000,Parker,sc,29617,3,2.0,1250.0,"VERNON COMPANY, Sandy Smith",10,2021
285000,Parker,sc,29611,5,4.0,2400.0,"RE/MAX REALTY PROFESSIONALS, Joey Mccormick",10,2021
232000,Parker,sc,29617,4,2.0,1900.0,"COLDWELL BANKER CAINE/WILLIAMS, Kim Eades",10,2021
215500,Parker,sc,29617,3,2.0,1366.0,"OFFERPAD BROKERAGE, LLC, Rob Jones",10,2021
50000,Parker,sc,29617,0,0.0,,"REALTY ONE GROUP FREEDOM, Angela Franco",10,2021
155000,Parker,sc,29617,2,2.0,699.0,"REALTY ONE GROUP FREEDOM, Angela Franco",10,2021
142000,Parker,sc,29611,3,1.0,1208.0,"KELLER WILLIAMS DRIVE, Matthew Gilstrap",10,2021
205000,Parker,sc,29611,3,2.0,1168.0,"BLACKSTREAM INTERNATIONAL RE, Kendall Keir",10,2021
11000,Parker,sc,29611,0,0.0,,"REALTY ONE GROUP FREEDOM, Carol Middleton",10,2021
270000,Memphis,tn,38111,3,2.5,2017.0,,11,2021
250000,Memphis,tn,38104,3,2.5,2445.0,,11,2021
80000,Memphis,tn,38118,4,2.0,1688.0,,10,2021
130000,Memphis,tn,38108,2,1.0,770.0,,10,2021
75000,Memphis,tn,38111,3,1.0,1263.0,,10,2021
275000,Memphis,tn,38104,4,2.0,1682.0,,10,2021
189000,Memphis,tn,38117,3,2.0,1000.0,,10,2021
108000,Memphis,tn,38119,0,0.0,830.0,,10,2021
12000,Memphis,tn,38108,0,0.0,,,10,2021
318000,Knoxville,tn,37938,4,3.0,2300.0,ELITE REALTY,11,2021
46500,Knoxville,tn,37920,0,0.0,0.0,"YOUNG MARKETING GROUP, REALTY EXECUTIVES",11,2021
280000,Knoxville,tn,37919,3,3.0,1876.0,COLDWELL BANKER WALLACE,11,2021
436000,Knoxville,tn,37931,3,3.0,2557.0,THE FERGUSON COMPANY,11,2021
985000,Knoxville,tn,37919,5,5.0,5288.0,REALTY EXECUTIVE ASSOCIATES,11,2021
365000,Knoxville,tn,37938,4,3.0,1921.0,CENTURY 21 VIRGINIA WILDER REAL ESTATE,11,2021
267500,Knoxville,tn,37923,2,2.0,1413.0,REALTY EXECUTIVE ASSOCIATES,11,2021
194000,Knoxville,tn,37920,3,3.0,1332.0,CENTURY 21 LEGACY,11,2021
125000,Knoxville,tn,37914,3,1.0,816.0,KELLER WILLIAMS,11,2021
374528,Chattanooga,tn,37416,3,3.0,2048.0,,11,2021
170000,Chattanooga,tn,37416,3,1.0,925.0,,11,2021
275900,Chattanooga,tn,37343,3,2.0,2281.0,,11,2021
369900,Chattanooga,tn,37411,5,3.0,2916.0,,11,2021
595000,Chattanooga,tn,37421,4,4.0,3275.0,,11,2021
350000,Chattanooga,tn,37343,3,2.0,1689.0,,11,2021
335000,Chattanooga,tn,37411,3,2.0,1630.0,,11,2021
420000,Chattanooga,tn,37416,4,4.0,4022.0,,11,2021
475000,Chattanooga,tn,37411,4,3.0,1938.0,,10,2021
302500,Clarksville,tn,37040,4,3.0,2215.0,,11,2021
132000,Clarksville,tn,37040,3,1.0,1000.0,,11,2021
240000,Clarksville,tn,37042,3,3.0,1931.0,,11,2021
233000,Clarksville,tn,37042,3,2.0,1260.0,,11,2021
240000,Clarksville,tn,37042,3,2.0,1570.0,,11,2021
409900,Clarksville,tn,37043,4,3.0,2685.0,,11,2021
250000,Clarksville,tn,37042,3,2.0,1325.0,,11,2021
289000,Clarksville,tn,37042,4,3.0,2228.0,,11,2021
155000,Clarksville,tn,37042,3,2.0,1075.0,,10,2021
669525,Franklin,tn,37064,4,3.0,2588.0,,11,2021
435000,Franklin,tn,37064,3,3.0,1845.0,,11,2021
465000,Franklin,tn,37064,2,2.0,1749.0,,11,2021
765000,Franklin,tn,37064,3,3.0,2990.0,,11,2021
975500,Franklin,tn,37064,3,4.0,2559.0,,11,2021
882740,Franklin,tn,37067,5,5.0,3496.0,,10,2021
699322,Franklin,tn,37067,4,3.0,3096.0,,10,2021
323990,Franklin,tn,38401,3,2.0,1645.0,,10,2021
500000,Franklin,tn,37067,3,3.0,2030.0,,10,2021
386000,Jackson,tn,38305,4,3.0,2850.0,,11,2021
215000,Jackson,tn,38305,3,2.0,1558.0,,10,2021
240000,Jackson,tn,38305,4,3.0,2048.0,,10,2021
289900,Jackson,tn,38305,4,3.0,2873.0,,10,2021
375000,Jackson,tn,38305,3,3.0,3252.0,,10,2021
284500,Jackson,tn,38313,3,2.0,1804.0,,10,2021
269175,Jackson,tn,38305,4,3.0,2396.0,,10,2021
169500,Jackson,tn,38301,3,2.0,1400.0,,10,2021
25773,Jackson,tn,38305,0,2.0,1144.0,,10,2021
1100000,Hendersonville,tn,37072,3,2.0,1676.0,,11,2021
493940,Hendersonville,tn,37075,3,3.0,2414.0,,11,2021
345000,Hendersonville,tn,37075,3,2.0,1500.0,,11,2021
340500,Hendersonville,tn,37075,4,2.0,1838.0,,11,2021
790000,Hendersonville,tn,37075,3,4.0,3525.0,,11,2021
230000,Hendersonville,tn,37075,2,2.0,1095.0,,10,2021
435926,Hendersonville,tn,37075,3,2.0,1945.0,,10,2021
415750,Hendersonville,tn,37075,0,0.0,,,10,2021
455594,Hendersonville,tn,37075,4,3.0,2785.0,,10,2021
235000,Bartlett,tn,38134,3,2.0,1620.0,,10,2021
310000,Bartlett,tn,38002,3,2.0,2199.0,,10,2021
191000,Bartlett,tn,38135,3,2.0,1272.0,,10,2021
260000,Bartlett,tn,38135,3,2.0,1596.0,,10,2021
301000,Bartlett,tn,38135,3,2.0,1624.0,,10,2021
575000,Bartlett,tn,38133,4,5.0,5577.0,,10,2021
300000,Bartlett,tn,38135,3,2.0,2401.0,,10,2021
231000,Bartlett,tn,38134,3,2.5,1635.0,,10,2021
530000,Bartlett,tn,38135,5,5.0,3839.0,,10,2021
150000,Kingsport,tn,37663,2,1.0,936.0,,10,2021
75000,Kingsport,tn,37660,0,1.5,1152.0,,10,2021
275000,Kingsport,tn,37663,3,2.0,1772.0,,10,2021
137000,Kingsport,tn,37664,2,1.0,1148.0,,10,2021
135000,Kingsport,tn,37663,0,1.0,1431.0,,10,2021
420000,Kingsport,tn,37664,3,3.0,2208.0,,10,2021
270000,Kingsport,tn,37660,0,2.5,1377.0,,10,2021
172500,Kingsport,tn,37660,3,2.0,1250.0,,10,2021
46000,Kingsport,tn,37660,0,0.0,0.0,,10,2021
295000,Smyrna,tn,37167,3,2.0,1275.0,,11,2021
382000,Smyrna,tn,37167,4,5.0,1700.0,,11,2021
385000,Smyrna,tn,37167,3,2.0,1861.0,,10,2021
474500,Smyrna,tn,37167,5,4.0,3336.0,,10,2021
428370,Smyrna,tn,37167,5,4.0,2618.0,,10,2021
489900,Smyrna,tn,37167,4,3.0,2476.0,,10,2021
515000,Smyrna,tn,37167,4,3.0,2823.0,,10,2021
372500,Smyrna,tn,37167,3,3.0,2432.0,,10,2021
341000,Smyrna,tn,37167,3,2.0,1641.0,,10,2021
170000,Cleveland,tn,37323,3,2.0,1728.0,RICHARDSON GROUP KW CLEVELAND,11,2021
599900,Cleveland,tn,37312,3,3.0,3561.0,,11,2021
420000,Cleveland,tn,37312,0,0.0,0.0,RICHARDSON GROUP KW CLEVELAND,10,2021
200500,Cleveland,tn,37323,3,2.0,1236.0,,10,2021
301000,Cleveland,tn,37323,3,2.0,1633.0,,10,2021
229000,Cleveland,tn,37323,3,2.0,960.0,,10,2021
176500,Cleveland,tn,37311,3,2.0,1206.0,CRYE-LEIKE REALTORS- ATHENS,10,2021
354100,Cleveland,tn,37312,4,3.0,2153.0,,10,2021
160000,Cleveland,tn,37311,2,2.0,1000.0,RICHARDSON GROUP KW CLEVELAND,10,2021
1270000,Brentwood,tn,37027,4,4.0,3240.0,,11,2021
1500000,Brentwood,tn,37027,4,5.0,4602.0,,11,2021
840000,Brentwood,tn,37027,4,3.0,3266.0,,10,2021
420000,Brentwood,tn,37027,3,3.0,1636.0,,10,2021
1600000,Brentwood,tn,37027,5,6.0,5280.0,,10,2021
888000,Brentwood,tn,37027,4,4.0,3318.0,,10,2021
1850000,Brentwood,tn,37027,5,7.0,4544.0,,10,2021
789000,Brentwood,tn,37027,4,3.0,2588.0,,10,2021
630000,Brentwood,tn,37027,3,2.0,1929.0,,10,2021
399500,Gallatin,tn,37066,3,2.0,2080.0,,11,2021
735000,Gallatin,tn,37066,3,3.0,2591.0,,11,2021
3000000,Gallatin,tn,37066,0,0.0,0.0,,11,2021
350647,Gallatin,tn,37066,4,4.0,1976.0,,10,2021
298976,Gallatin,tn,37066,3,3.0,1727.0,,10,2021
318955,Gallatin,tn,37066,3,3.0,1687.0,,10,2021
360890,Gallatin,tn,37066,3,3.0,1810.0,,10,2021
530000,Gallatin,tn,37066,3,3.0,2300.0,,10,2021
540000,Gallatin,tn,37066,3,3.0,2459.0,,10,2021
225000,Germantown,tn,38139,4,3.0,2359.0,,10,2021
605000,Germantown,tn,38139,4,4.0,4160.0,,10,2021
1200000,Germantown,tn,38139,5,5.0,5075.0,,10,2021
389000,Germantown,tn,38138,4,2.5,2889.0,,10,2021
430000,Germantown,tn,38138,4,3.0,3312.0,,10,2021
462000,Germantown,tn,38138,4,2.5,3998.0,,10,2021
470000,Germantown,tn,38139,4,2.5,2822.0,,10,2021
470000,Germantown,tn,38139,4,4.0,3935.0,,10,2021
389000,Germantown,tn,38138,4,2.5,2600.0,,10,2021
367000,Lebanon,tn,37090,4,3.0,1743.0,,11,2021
325000,Lebanon,tn,37090,3,2.0,1579.0,,11,2021
775000,Lebanon,tn,37087,5,4.0,3307.0,,11,2021
462500,Lebanon,tn,37090,3,2.0,1720.0,,10,2021
365000,Lebanon,tn,37087,3,2.0,1512.0,,10,2021
470000,Lebanon,tn,37087,3,2.0,2150.0,,10,2021
335000,Lebanon,tn,37087,3,2.0,1445.0,,10,2021
827000,Lebanon,tn,37087,5,5.0,5138.0,,10,2021
105000,Lebanon,tn,37090,0,0.0,0.0,,10,2021
394000,Cookeville,tn,38506,4,4.0,3650.0,REAL ESTATE PROFESSIONALS OF TN,11,2021
551800,Cookeville,tn,38501,4,4.0,3579.0,,10,2021
28000,Cookeville,tn,38506,0,0.0,0.0,,10,2021
114000,Cookeville,tn,38501,3,1.0,984.0,,10,2021
322000,Cookeville,tn,38506,0,0.0,5328.0,EXIT ROCKY TOP REALTY-CK,10,2021
218000,Cookeville,tn,38501,2,2.0,1102.0,AMERICAN WAY REAL ESTATE,10,2021
31250,Cookeville,tn,38506,0,0.0,0.0,,10,2021
95000,Cookeville,tn,38501,3,1.0,1226.0,EXIT ROCKY TOP REALTY-CK,10,2021
31250,Cookeville,tn,38506,0,0.0,0.0,,10,2021
749900,Maryville,tn,37803,3,3.0,4651.0,"BLEVINS GROUP, REALTY EXECUTIVES",11,2021
340000,Maryville,tn,37801,4,2.0,2390.0,REALTY EXECUTIVES ASSOCIATES,11,2021
187250,Maryville,tn,37804,3,1.0,840.0,REALTY EXECUTIVES ASSOCIATES,10,2021
330000,Maryville,tn,37801,3,2.0,2062.0,COLDWELL BANKER NELSON REALTORS,10,2021
167000,Maryville,tn,37803,3,2.0,1249.0,REALTY EXECUTIVES ASSOCIATES,10,2021
322000,Maryville,tn,37803,4,3.0,2062.0,COLDWELL BANKER NELSON REALTORS,10,2021
339900,Maryville,tn,37801,3,3.0,1858.0,THE DWIGHT PRICE GROUP REALTY EXECUTIVES ASSOCIATES,10,2021
270400,Maryville,tn,37803,3,3.0,2083.0,"SOUTHLAND REALTORS, INC",10,2021
46900,Maryville,tn,37801,0,0.0,0.0,MATLOCK PROPERTIES,10,2021
389900,Morristown,tn,37814,3,4.0,2580.0,RE/MAX REAL ESTATE TEN MIDTOWN,11,2021
349900,Morristown,tn,37814,3,3.0,3664.0,CRYE-LEIKE LAKEWAY WEST,11,2021
335000,Morristown,tn,37708,3,2.0,2128.0,RE/MAX REAL ESTATE TEN WEST,11,2021
115000,Morristown,tn,37708,0,0.0,0.0,RE/MAX REAL ESTATE TEN WEST,11,2021
210,Morristown,tn,37813,2,2.0,1579.0,WILSON & QUARLES REALTY,10,2021
175000,Morristown,tn,37814,8,4.0,2808.0,RE/MAX REAL ESTATE TEN WEST,10,2021
249900,Morristown,tn,37814,3,3.0,2630.0,RE/MAX REAL ESTATE TEN MIDTOWN,10,2021
175000,Morristown,tn,37814,0,0.0,2688.0,RE/MAX REAL ESTATE TEN WEST,10,2021
459900,Morristown,tn,37814,5,4.0,4318.0,RE/MAX REAL ESTATE TEN WEST,10,2021
451000,Bristol,tn,37618,4,2.5,3229.0,,10,2021
274900,Bristol,tn,37620,0,1.5,2242.0,,10,2021
290000,Bristol,tn,37620,4,2.0,2096.0,,10,2021
113500,Bristol,tn,37620,3,2.0,1376.0,,10,2021
119100,Bristol,tn,37620,3,2.0,1248.0,,10,2021
2000000,Bristol,tn,37620,0,2.0,475.0,,10,2021
184900,Bristol,tn,37620,3,2.0,1484.0,,10,2021
415000,Bristol,tn,37620,3,3.0,2016.0,,10,2021
40000,Bristol,tn,37620,0,1.0,1142.0,,10,2021
255000,Shelbyville,tn,37160,3,2.0,1421.0,,11,2021
185000,Shelbyville,tn,37160,4,2.0,1429.0,,10,2021
204900,Shelbyville,tn,37160,3,2.0,1275.0,,10,2021
210900,Shelbyville,tn,37160,4,2.0,1836.0,,10,2021
143000,Shelbyville,tn,37160,3,2.0,1512.0,HOME & FARM REALTY OF TENNESSEE,10,2021
75000,Shelbyville,tn,37160,2,1.0,1314.0,,10,2021
163000,Shelbyville,tn,37160,3,1.0,1389.0,,10,2021
350000,Shelbyville,tn,37160,0,0.0,,,10,2021
335000,Shelbyville,tn,37160,3,2.0,2587.0,,10,2021
4250000,Farragut,tn,37934,7,12.0,15027.0,COLDWELL BANKER WALLACE,11,2021
95000,Farragut,tn,37934,0,0.0,0.0,REALTY EXECUTIVE ASSOCIATES,10,2021
288900,Farragut,tn,37934,4,2.0,1614.0,REALTY EXECUTIVE ASSOCIATES,10,2021
610000,Farragut,tn,37934,4,3.0,3466.0,REALTY EXECUTIVES ASSOCIATES,10,2021
425000,Farragut,tn,37934,4,4.0,2700.0,"GABLES & GATES, REALTORS",10,2021
374900,Farragut,tn,37934,4,3.0,2220.0,HONORS REAL ESTATE SERVICES LLC,10,2021
825508,Farragut,tn,37934,4,4.0,3069.0,"SADDLEBROOK REALTY, LLC",10,2021
560000,Farragut,tn,37934,4,4.0,3202.0,COLDWELL BANKER WALLACE,10,2021
839072,Farragut,tn,37934,4,4.0,3460.0,"SADDLEBROOK REALTY, LLC",10,2021
240000,Tullahoma,tn,37388,3,2.0,1532.0,,11,2021
44000,Tullahoma,tn,37388,0,0.0,0.0,,10,2021
325000,Tullahoma,tn,37388,4,3.0,2358.0,,10,2021
105000,Tullahoma,tn,37388,0,0.0,0.0,,10,2021
275000,Tullahoma,tn,37388,3,2.0,1792.0,,10,2021
190000,Tullahoma,tn,37388,3,2.0,1400.0,,10,2021
348000,Tullahoma,tn,37388,3,2.0,2209.0,,10,2021
390000,Tullahoma,tn,37388,3,3.0,1993.0,,10,2021
345000,Tullahoma,tn,37388,4,3.0,2933.0,,10,2021
239900,Springfield,tn,37172,3,2.0,1092.0,,10,2021
440000,Springfield,tn,37172,3,3.0,2803.0,,10,2021
265000,Springfield,tn,37172,3,2.0,1434.0,,10,2021
520509,Springfield,tn,37172,3,4.0,2591.0,,10,2021
252000,Springfield,tn,37172,3,2.0,1290.0,,10,2021
385000,Springfield,tn,37172,4,4.0,2913.0,,10,2021
299900,Springfield,tn,37172,3,2.0,1370.0,,10,2021
210100,Springfield,tn,37172,3,1.0,1489.0,,10,2021
269234,Springfield,tn,37172,0,1.5,1236.0,,10,2021
210000,Sevierville,tn,37862,0,0.0,1672.0,RE/MAX ADVENTURE REALTY,11,2021
210000,Sevierville,tn,37862,4,1.0,1672.0,,11,2021
601400,Sevierville,tn,37876,2,2.0,2352.0,YOUR HOME SOLD GUARANTEED REALTY,10,2021
299900,Sevierville,tn,37862,3,2.0,2464.0,,10,2021
831900,Sevierville,tn,37876,4,4.0,2432.0,,10,2021
30000,Sevierville,tn,37862,0,0.0,6534.0,,10,2021
350000,Sevierville,tn,37876,3,3.0,2905.0,BERKSHIRE HATHAWAY HOMESERVICES DEAN-SMITH REALTY,10,2021
461000,Sevierville,tn,37876,3,3.0,2955.0,MOUNTAIN HOME REALTY,10,2021
30000,Sevierville,tn,37862,0,0.0,6534.0,"RE/MAX PREFERRED PROPERTIES, INC",10,2021
249900,Dickson,tn,37055,3,2.0,1404.0,,11,2021
305000,Dickson,tn,37055,3,3.0,1931.0,,11,2021
186000,Dickson,tn,37055,2,1.0,1104.0,,11,2021
330000,Dickson,tn,37055,3,3.0,1816.0,,10,2021
255000,Dickson,tn,37055,3,2.0,1225.0,,10,2021
220000,Dickson,tn,37055,3,1.0,1107.0,,10,2021
280000,Dickson,tn,37029,3,2.0,1366.0,,10,2021
290000,Dickson,tn,37055,3,2.0,1283.0,,10,2021
52500,Dickson,tn,37055,0,0.0,0.0,,10,2021
